"","month","year","Variable","mean_monthly","sd_monthly","upper_ci","lower_ci","station"
"1",1,2007,"do_mgl",10.0841327561328,0.402980778955714,10.4871135350885,9.68115197717704,"NAR"
"2",1,2007,"do_pct",99.5485458152958,2.54365489849308,102.092200713789,97.0048909168027,"NAR"
"3",1,2007,"sal",29.007534992785,1.00983735524476,30.0173723480298,27.9976976375402,"NAR"
"4",1,2007,"temp",6.66074346576363,1.12853272570754,7.78927619147117,5.53221074005609,"NAR"
"5",1,2007,"turb",3.22965922965923,3.79462608381428,7.02428531347351,-0.564966854155047,"NAR"
"6",1,2008,"do_mgl",11.765838773069,0.836246557998422,12.6020853310675,10.9295922150706,"NAR"
"7",1,2008,"do_pct",108.735327316872,7.82424831325107,116.559575630123,100.911079003621,"NAR"
"8",1,2008,"sal",29.8228632170159,0.208943199334345,30.0318064163502,29.6139200176815,"NAR"
"9",1,2008,"temp",3.79784662423963,0.647833256125085,4.44567988036471,3.15001336811454,"NAR"
"10",1,2008,"turb",0.708237549709675,1.38258249752776,2.09082004723744,-0.674344947818088,"NAR"
"11",1,2009,"do_mgl",10.3322968717536,0.250696599179161,10.5829934709328,10.0816002725745,"NAR"
"12",1,2009,"do_pct",92.4938752247207,1.60475154304237,94.098626767763,90.8891236816783,"NAR"
"13",1,2009,"sal",28.1611687778239,1.03182642763905,29.1929952054629,27.1293423501848,"NAR"
"14",1,2009,"temp",2.84319615366006,0.657077144509608,3.50027329816967,2.18611900915045,"NAR"
"15",1,2009,"turb",0,0,0,0,"NAR"
"16",1,2010,"do_mgl",10.1609346360304,0.254835361071729,10.4157699971021,9.90609927495865,"NAR"
"17",1,2010,"do_pct",93.3491896134927,0.863186424933218,94.2123760384259,92.4860031885595,"NAR"
"18",1,2010,"sal",30.2540611673774,0.329529811882924,30.5835909792603,29.9245313554945,"NAR"
"19",1,2010,"temp",3.31290573947206,0.769883679159479,4.08278941863154,2.54302206031258,"NAR"
"20",1,2010,"turb",0.038265306122449,0.143175665310227,0.181440971432676,-0.104910359187778,"NAR"
"21",1,2011,"do_mgl",12.1975243506494,0.374983712587393,12.5725080632367,11.822540638062,"NAR"
"22",1,2011,"do_pct",111.407494588745,3.94129567140402,115.348790260149,107.466198917341,"NAR"
"23",1,2011,"sal",30.4944399350649,0.209668316908793,30.7041082519737,30.2847716181561,"NAR"
"24",1,2011,"temp",2.98950402546483,0.519941988947772,3.5094460144126,2.46956203651706,"NAR"
"25",1,2011,"turb",0.607090588551754,1.15303326315819,1.76012385170995,-0.545942674606441,"NAR"
"26",1,2012,"do_mgl",10.7425106187311,0.891919111270686,11.6344297300018,9.85059150746042,"NAR"
"27",1,2012,"do_pct",103.973437955303,7.1320446630266,111.10548261833,96.8413932922769,"NAR"
"28",1,2012,"sal",29.0284598324483,0.779708566342772,29.8081683987911,28.2487512661055,"NAR"
"29",1,2012,"temp",5.84453896776274,0.956714684051763,6.8012536518145,4.88782428371097,"NAR"
"30",1,2012,"turb",0.0666666666666667,0.258198889747161,0.324865556413828,-0.191532223080494,"NAR"
"31",1,2013,"do_mgl",10.4645037492926,0.343705487163487,10.8082092364561,10.1207982621291,"NAR"
"32",1,2013,"do_pct",97.900666737408,1.6955745005482,99.5962412379562,96.2050922368598,"NAR"
"33",1,2013,"sal",30.1558605687606,0.414909966577909,30.5707705353385,29.7409506021827,"NAR"
"34",1,2013,"temp",4.08364245757127,1.00867538756872,5.09231784513999,3.07496707000255,"NAR"
"35",1,2013,"turb",0.00280112044817927,0.0128363464844701,0.0156374669326494,-0.0100352260362909,"NAR"
"36",1,2014,"do_mgl",10.7722056087188,0.599448773965922,11.3716543826847,10.1727568347528,"NAR"
"37",1,2014,"do_pct",95.8519926710716,2.8857521451108,98.7377448161824,92.9662405259608,"NAR"
"38",1,2014,"sal",30.1894155369484,0.567395700355632,30.7568112373041,29.6220198365928,"NAR"
"39",1,2014,"temp",2.23123544819284,1.1185073713274,3.34974281952024,1.11272807686543,"NAR"
"40",1,2014,"turb",0.502739433822001,1.12486087246726,1.62760030628926,-0.622121438645262,"NAR"
"41",1,2015,"do_mgl",10.4741111346916,0.331263230160533,10.8053743648521,10.142847904531,"NAR"
"42",1,2015,"do_pct",96.1432774476514,0.962304385245975,97.1055818328974,95.1809730624054,"NAR"
"43",1,2015,"sal",30.1853099325762,0.582756947220727,30.7680668797969,29.6025529853554,"NAR"
"44",1,2015,"temp",3.32259591434174,1.12748910007331,4.45008501441504,2.19510681426843,"NAR"
"45",1,2015,"turb",0.195339597473939,0.594849167725538,0.790188765199477,-0.399509570251598,"NAR"
"46",1,2016,"do_mgl",9.8290899122807,0.444803284393403,10.2738931966741,9.3842866278873,"NAR"
"47",1,2016,"do_pct",94.7616415534805,1.40652161110885,96.1681631645893,93.3551199423716,"NAR"
"48",1,2016,"sal",30.4315524193548,0.346679770046118,30.778232189401,30.0848726493087,"NAR"
"49",1,2016,"temp",5.28088809822458,1.43711660082258,6.71800469904715,3.843771497402,"NAR"
"50",1,2016,"turb",0.235466669422603,0.887636726441669,1.12310339586427,-0.652170057019066,"NAR"
"51",1,2017,"do_mgl",10.8659610215054,0.47564537868635,11.3416064001917,10.390315642819,"NAR"
"52",1,2017,"do_pct",103.089213709677,4.13006312400954,107.219276833687,98.9591505856679,"NAR"
"53",1,2017,"sal",30.712063172043,0.427730266644277,31.1397934386873,30.2843329053987,"NAR"
"54",1,2017,"temp",4.48809544076743,0.457247069863398,4.94534251063082,4.03084837090403,"NAR"
"55",1,2017,"turb",1.35,1.53125335660212,2.88125335660212,-0.181253356602121,"NAR"
"56",1,2018,"do_mgl",11.9516210739615,0.654383433120278,12.6060045070818,11.2972376408412,"NAR"
"57",1,2018,"do_pct",104.474106125163,6.08869934236436,110.562805467527,98.3854067827985,"NAR"
"58",1,2018,"sal",29.5738575268817,0.923939283078957,30.4977968099607,28.6499182438028,"NAR"
"59",1,2018,"temp",1.65818061646683,0.919340172957872,2.5775207894247,0.738840443508955,"NAR"
"60",1,2018,"turb",2.00118617726306,1.57334701013351,3.57453318739657,0.427839167129549,"NAR"
"61",1,2019,"do_mgl",10.6382374787776,0.599235701772132,11.2374731805497,10.0390017770055,"NAR"
"62",1,2019,"do_pct",99.3283948783248,2.93770026019493,102.26609513852,96.3906946181299,"NAR"
"63",1,2019,"sal",28.3821293152235,0.974864391184651,29.3569937064082,27.4072649240389,"NAR"
"64",1,2019,"temp",4.52293297486257,1.22380681923477,5.74673979409734,3.2991261556278,"NAR"
"65",1,2019,"turb",1.58454849244323,1.66501180386942,3.24956029631265,-0.0804633114261915,"NAR"
"66",1,2020,"do_mgl",10.1757056451613,0.216850780997867,10.3925564261592,9.95885486416342,"NAR"
"67",1,2020,"do_pct",96.7553091397849,1.09838285863379,97.8536919984187,95.6569262811512,"NAR"
"68",1,2020,"sal",29.4243951612903,0.510520027388442,29.9349151886788,28.9138751339019,"NAR"
"69",1,2020,"temp",4.94034115557704,0.762997639337689,5.70333879491473,4.17734351623935,"NAR"
"70",1,2020,"turb",0.00905472318387581,0.0231394428134349,0.0321941659973107,-0.0140847196295591,"NAR"
"71",1,2021,"do_mgl",9.905,NA,NA,NA,"NAR"
"72",1,2021,"do_pct",97.03,NA,NA,NA,"NAR"
"73",1,2021,"sal",29.03,NA,NA,NA,"NAR"
"74",1,2021,"temp",6.315,NA,NA,NA,"NAR"
"75",2,2007,"do_mgl",12.3196056547619,0.657463546619902,12.9770692013818,11.662142108142,"NAR"
"76",2,2007,"do_pct",108.630729166667,4.22681712790238,112.857546294569,104.403912038764,"NAR"
"77",2,2007,"sal",30.0973214285714,0.402850750550726,30.5001721791222,29.6944706780207,"NAR"
"78",2,2007,"temp",1.75081607170977,0.895681461700357,2.64649753341013,0.855134610009416,"NAR"
"79",2,2007,"turb",3.36470588235294,1.45298880607809,4.81769468843103,1.91171707627485,"NAR"
"80",2,2008,"do_mgl",11.7436781609195,0.654068436181109,12.3977465971006,11.0896097247384,"NAR"
"81",2,2008,"do_pct",106.931609195402,4.80924652860699,111.740855724009,102.122362666795,"NAR"
"82",2,2008,"sal",27.1024811921296,1.01509980922396,28.1175810013536,26.0873813829057,"NAR"
"83",2,2008,"temp",3.50673467236474,0.430217790708165,3.93695246307291,3.07651688165658,"NAR"
"84",2,2008,"turb",2.10717379471475,2.003634766999,4.11080856171375,0.103539027715758,"NAR"
"85",2,2009,"do_mgl",11.1635763888889,0.465818148768795,11.6293945376577,10.6977582401201,"NAR"
"86",2,2009,"do_pct",100.234270833333,4.05570104239088,104.289971875724,96.1785697909424,"NAR"
"87",2,2009,"sal",29.1725,0.355843762044681,29.5283437620447,28.8166562379553,"NAR"
"88",2,2009,"temp",2.68931089490171,0.309188050262519,2.99849894516423,2.38012284463919,"NAR"
"89",2,2009,"turb",0.0202898550724638,0.0785822707926143,0.098872125865078,-0.0582924157201505,"NAR"
"90",2,2010,"do_mgl",10.8769881272401,0.213149966661393,11.0901380939015,10.6638381605787,"NAR"
"91",2,2010,"do_pct",98.2434839829749,1.47383960153009,99.717323584505,96.7696443814448,"NAR"
"92",2,2010,"sal",30.653945452509,0.544325088954653,31.1982705414636,30.1096203635543,"NAR"
"93",2,2010,"temp",2.51264375271716,0.419595926824817,2.93223967954197,2.09304782589234,"NAR"
"94",2,2010,"turb",0,0,0,0,"NAR"
"95",2,2011,"do_mgl",11.7910669191919,0.431593137575075,12.222660056767,11.3594737816168,"NAR"
"96",2,2011,"do_pct",104.787105429293,3.14999997917069,107.937105408464,101.637105450122,"NAR"
"97",2,2011,"sal",29.4894189323607,0.541489382362253,30.030908314723,28.9479295499985,"NAR"
"98",2,2011,"temp",1.69864141574489,0.44288353810291,2.1415249538478,1.25575787764198,"NAR"
"99",2,2011,"turb",1.75460155640879,1.80171647605108,3.55631803245987,-0.0471149196422951,"NAR"
"100",2,2012,"do_mgl",11.226209253819,0.749136390541946,11.975345644361,10.4770728632771,"NAR"
"101",2,2012,"do_pct",108.482697737955,7.04614853435795,115.528846272313,101.436549203597,"NAR"
"102",2,2012,"sal",29.4655000624688,0.998435246866544,30.4639353093353,28.4670648156022,"NAR"
"103",2,2012,"temp",5.46610288605697,0.299920481578065,5.76602336763504,5.16618240447891,"NAR"
"104",2,2012,"turb",1.17947052947053,1.73556613334203,2.91503666281255,-0.556095603871496,"NAR"
"105",2,2013,"do_mgl",10.852380952381,0.262848499975926,11.1152294523569,10.589532452405,"NAR"
"106",2,2013,"do_pct",100.228013392857,1.89578430906135,102.123797701919,98.3322290837958,"NAR"
"107",2,2013,"sal",30.7043954918033,0.341129394340522,31.0455248861438,30.3632660974628,"NAR"
"108",2,2013,"temp",3.00494753462532,0.464807303448883,3.4697548380742,2.54014023117643,"NAR"
"109",2,2013,"turb",0.304541478885852,0.84415307865133,1.14869455753718,-0.539611599765479,"NAR"
"110",2,2014,"do_mgl",11.4536086309524,0.525373458848816,11.9789820898012,10.9282351721036,"NAR"
"111",2,2014,"do_pct",101.484300595238,3.95453347633802,105.438834071576,97.5297671189001,"NAR"
"112",2,2014,"sal",29.9404389880952,0.43210351713667,30.3725425052319,29.5083354709586,"NAR"
"113",2,2014,"temp",1.95142074250349,0.403773139935387,2.35519388243888,1.5476476025681,"NAR"
"114",2,2014,"turb",0.124228748700955,0.212528756002958,0.336757504703913,-0.0883000073020029,"NAR"
"115",2,2015,"do_mgl",11.5892449874687,0.585199740024636,12.1744447274933,11.004045247444,"NAR"
"116",2,2015,"do_pct",98.5350090068922,2.67532685809679,101.210335864989,95.8596821487954,"NAR"
"117",2,2015,"sal",31.435780075188,0.282656507140806,31.7184365823288,31.1531235680472,"NAR"
"118",2,2015,"temp",0.878990609742256,0.450727362717281,1.32971797245954,0.428263247024975,"NAR"
"119",2,2015,"turb",0.908543203776899,1.46576044764973,2.37430365142663,-0.557217243872829,"NAR"
"120",2,2016,"do_mgl",10.8714159860859,0.627980368692527,11.4993963547784,10.2434356173934,"NAR"
"121",2,2016,"do_pct",100.999120916515,4.33714530592761,105.336266222443,96.6619756105878,"NAR"
"122",2,2016,"sal",30.2409218088324,0.478227434386776,30.7191492432192,29.7626943744456,"NAR"
"123",2,2016,"temp",3.79301289754734,0.984211804502149,4.77722470204949,2.80880109304519,"NAR"
"124",2,2016,"turb",0.56618715276156,1.22306584419448,1.78925299695604,-0.656878691432915,"NAR"
"125",2,2017,"do_mgl",11.2478422619048,0.577805872642826,11.8256481345476,10.6700363892619,"NAR"
"126",2,2017,"do_pct",104.290736607143,5.90666106155562,110.197397668698,98.3840755455872,"NAR"
"127",2,2017,"sal",30.4457961309524,0.392750900505854,30.8385470314582,30.0530452304465,"NAR"
"128",2,2017,"temp",3.59768708782006,0.883059638109778,4.48074672592984,2.71462744971028,"NAR"
"129",2,2017,"turb",2.53942763449443,1.8550630987937,4.39449073328813,0.684364535700726,"NAR"
"130",2,2018,"do_mgl",11.4938244047619,0.897713803339012,12.3915382081009,10.5961106014229,"NAR"
"131",2,2018,"do_pct",103.924293154762,5.93932526263902,109.863618417401,97.9849678921229,"NAR"
"132",2,2018,"sal",28.2559895833333,0.733374851134723,28.9893644344681,27.5226147321986,"NAR"
"133",2,2018,"temp",3.25776554784506,0.973043249554746,4.2308087973998,2.28472229829031,"NAR"
"134",2,2018,"turb",0.546110812746151,1.1692964882675,1.71540730101365,-0.623185675521349,"NAR"
"135",2,2019,"do_mgl",11.5746279761905,0.967441919129496,12.54206989532,10.607186057061,"NAR"
"136",2,2019,"do_pct",104.271763392857,7.36574360882967,111.637507001687,96.9060197840275,"NAR"
"137",2,2019,"sal",28.1567336309524,0.650274546950706,28.8070081779031,27.5064590840017,"NAR"
"138",2,2019,"temp",3.1170564707839,0.703592802049357,3.82064927283326,2.41346366873455,"NAR"
"139",2,2019,"turb",3.25462962962963,0.627850774934207,3.88248040456384,2.62677885469542,"NAR"
"140",2,2020,"do_mgl",10.5854166666667,0.337214431287646,10.9226310979543,10.248202235379,"NAR"
"141",2,2020,"do_pct",100.07338362069,2.96997293089356,103.043356551583,97.1034106897961,"NAR"
"142",2,2020,"sal",29.8452945402299,0.364984220571588,30.2102787608015,29.4803103196583,"NAR"
"143",2,2020,"temp",4.58267169628999,0.394931301717118,4.97760299800711,4.18774039457287,"NAR"
"144",2,2020,"turb",0.306789294665235,1.02514719624689,1.33193649091213,-0.718357901581658,"NAR"
"145",3,2007,"do_mgl",11.7937744057725,0.491256142148936,12.2850305479214,11.3025182636236,"NAR"
"146",3,2007,"do_pct",107.83936827957,6.17356555034523,114.012933829915,101.665802729225,"NAR"
"147",3,2007,"sal",28.0472195104697,1.90243933699766,29.9496588474674,26.1447801734721,"NAR"
"148",3,2007,"temp",3.68500620016946,1.39370678350703,5.07871298367649,2.29129941666243,"NAR"
"149",3,2007,"turb",0.819538790097355,1.89440513346439,2.71394392356174,-1.07486634336703,"NAR"
"150",3,2008,"do_mgl",10.863802373007,0.532368574590128,11.3961709475972,10.3314337984169,"NAR"
"151",3,2008,"do_pct",101.611303068224,3.89742408879971,105.508727157024,97.7138789794242,"NAR"
"152",3,2008,"sal",26.7175580034057,1.25663680063736,27.9741948040431,25.4609212027683,"NAR"
"153",3,2008,"temp",5.05251216360125,0.730731218821694,5.78324338242294,4.32178094477955,"NAR"
"154",3,2008,"turb",1.31747249423264,1.86947072802832,3.18694322226096,-0.551998233795675,"NAR"
"155",3,2009,"do_mgl",11.269559690366,0.367984813623122,11.6375445039891,10.9015748767429,"NAR"
"156",3,2009,"do_pct",104.040452976283,3.16233919009761,107.202792166381,100.878113786186,"NAR"
"157",3,2009,"sal",28.3737478004022,1.18048264268057,29.5542304430828,27.1932651577216,"NAR"
"158",3,2009,"temp",4.02727446587288,1.11939490949041,5.14666937536329,2.90787955638246,"NAR"
"159",3,2009,"turb",0.05,0.273861278752583,0.323861278752583,-0.223861278752583,"NAR"
"160",3,2010,"do_mgl",11.6623734855201,1.08740814760691,12.749781633127,10.5749653379132,"NAR"
"161",3,2010,"do_pct",106.489238881501,9.82058528908711,116.309824170588,96.6686535924141,"NAR"
"162",3,2010,"sal",27.6082941729323,1.40043914245886,29.0087333153912,26.2078550304735,"NAR"
"163",3,2010,"temp",4.05184227364903,0.969117094487032,5.02095936813606,3.082725179162,"NAR"
"164",3,2010,"turb",0.236842105263158,0.752189785681919,0.989031890945076,-0.515347680418761,"NAR"
"165",3,2011,"do_mgl",12.0181451612903,0.953793055728737,12.9719382170191,11.0643521055616,"NAR"
"166",3,2011,"do_pct",110.852212436333,9.02716239180835,119.879374828141,101.825050044524,"NAR"
"167",3,2011,"sal",27.5338394878325,1.76061145761783,29.2944509454503,25.7732280302147,"NAR"
"168",3,2011,"temp",4.20516444408576,0.908904242080701,5.11406868616646,3.29626020200505,"NAR"
"169",3,2011,"turb",1.78453136011276,1.54526173317219,3.32979309328495,0.239269626940564,"NAR"
"170",3,2012,"do_mgl",9.85248336617525,0.402236409808568,10.2547197759838,9.45024695636669,"NAR"
"171",3,2012,"do_pct",100.125231109814,2.24429572722312,102.369526837037,97.8809353825905,"NAR"
"172",3,2012,"sal",29.9869259555951,0.350114801042767,30.3370407566379,29.6368111545523,"NAR"
"173",3,2012,"temp",7.30119319956338,1.58077770895127,8.88197090851466,5.72041549061211,"NAR"
"174",3,2012,"turb",0.0154378083157153,0.0438514727305712,0.0592892810462865,-0.0284136644148559,"NAR"
"175",3,2013,"do_mgl",10.9255712365591,0.328638689470436,11.2542099260296,10.5969325470887,"NAR"
"176",3,2013,"do_pct",102.992876344086,2.48796614863807,105.480842492724,100.504910195448,"NAR"
"177",3,2013,"sal",29.1765554378531,1.08219364930997,30.2587490871631,28.0943617885431,"NAR"
"178",3,2013,"temp",3.98142943853263,0.459998811493158,4.44142825002579,3.52143062703947,"NAR"
"179",3,2013,"turb",0,0,0,0,"NAR"
"180",3,2014,"do_mgl",11.1278943831353,0.732510661405393,11.8604050445407,10.3953837217299,"NAR"
"181",3,2014,"do_pct",100.141832908885,4.95562218253005,105.097455091415,95.1862107263551,"NAR"
"182",3,2014,"sal",29.8074547576787,0.412864307646592,30.2203190653252,29.3945904500321,"NAR"
"183",3,2014,"temp",2.63264396770142,0.729515322479857,3.36215929018127,1.90312864522156,"NAR"
"184",3,2014,"turb",0.00740740740740741,0.038490017945975,0.0458974253533825,-0.0310826105385676,"NAR"
"185",3,2015,"do_mgl",12.432270090549,0.637273972821374,13.0695440633703,11.7949961177276,"NAR"
"186",3,2015,"do_pct",107.942267968308,3.99857994882808,111.940847917136,103.94368801948,"NAR"
"187",3,2015,"sal",30.1046689303905,0.991426565256492,31.096095495647,29.113242365134,"NAR"
"188",3,2015,"temp",1.68448602048136,0.873763991134407,2.55825001161576,0.810722029346949,"NAR"
"189",3,2015,"turb",0.377615787694388,1.00166470513541,1.37928049282979,-0.624048917441019,"NAR"
"190",3,2016,"do_mgl",9.87879704301075,0.519301256936898,10.3980982999477,9.35949578607385,"NAR"
"191",3,2016,"do_pct",96.0824260752688,3.12742998973712,99.2098560650059,92.9549960855317,"NAR"
"192",3,2016,"sal",30.0749663978495,0.746121699174533,30.821088097024,29.3288446986749,"NAR"
"193",3,2016,"temp",5.73994288417676,0.845223192594802,6.58516607677156,4.89471969158195,"NAR"
"194",3,2016,"turb",0.0362364976255505,0.175930645393301,0.212167143018852,-0.13969414776775,"NAR"
"195",3,2017,"do_mgl",10.7138950198076,0.292517350439842,11.0064123702474,10.4213776693677,"NAR"
"196",3,2017,"do_pct",99.7771798953028,2.1902176342467,101.967397529549,97.5869622610561,"NAR"
"197",3,2017,"sal",30.4335911856254,0.384642488257618,30.818233673883,30.0489486973677,"NAR"
"198",3,2017,"temp",3.80712228475661,0.785678336286136,4.59280062104275,3.02144394847048,"NAR"
"199",3,2017,"turb",4.25183812267991,0.999731155573006,5.25156927825291,3.2521069671069,"NAR"
"200",3,2018,"do_mgl",10.5957661290323,0.196192404168472,10.7919585332007,10.3995737248638,"NAR"
"201",3,2018,"do_pct",98.0408938172043,2.62922617756735,100.670119994772,95.411667639637,"NAR"
"202",3,2018,"sal",28.6483870967742,0.759495105514301,29.4078822022885,27.8888919912599,"NAR"
"203",3,2018,"temp",4.01761516109875,0.477875812559379,4.49549097365813,3.53973934853937,"NAR"
"204",3,2018,"turb",0.114858000214339,0.582279610967011,0.69713761118135,-0.467421610752672,"NAR"
"205",3,2019,"do_mgl",11.0241599462366,0.476205024499346,11.5003649707359,10.5479549217372,"NAR"
"206",3,2019,"do_pct",102.500470430108,2.39663956601684,104.897109996124,100.103830864091,"NAR"
"207",3,2019,"sal",28.551310483871,0.549843396774666,29.1011538806456,28.0014670870963,"NAR"
"208",3,2019,"temp",4.28227485425563,1.21099967866729,5.49327453292293,3.07127517558834,"NAR"
"209",3,2019,"turb",0.877307692307692,2.14307230123452,3.02037999354222,-1.26576460892683,"NAR"
"210",3,2020,"do_mgl",10.1854502688172,0.419076579729965,10.6045268485472,9.76637368908724,"NAR"
"211",3,2020,"do_pct",100.059811827957,2.2559763859916,102.315788213949,97.8038354419654,"NAR"
"212",3,2020,"sal",29.5313508064516,0.2974338495889,29.8287846560405,29.2339169568627,"NAR"
"213",3,2020,"temp",6.29990172160987,0.847017242285137,7.14691896389501,5.45288447932473,"NAR"
"214",3,2020,"turb",0.00347309367387614,0.014620215570624,0.0180933092445001,-0.0111471218967478,"NAR"
"215",4,2007,"do_mgl",11.5171375577645,0.841573092542975,12.3587106503075,10.6755644652215,"NAR"
"216",4,2007,"do_pct",114.391587340746,11.1726098088788,125.564197149625,103.218977531868,"NAR"
"217",4,2007,"sal",27.2696319444444,1.44684505193071,28.7164769963752,25.8227868925137,"NAR"
"218",4,2007,"temp",7.02685416666667,2.10028088509758,9.12713505176425,4.92657328156909,"NAR"
"219",4,2007,"turb",3,0,3,3,"NAR"
"220",4,2008,"do_mgl",10.3677302882627,0.72607092166982,11.0938012099325,9.64165936659291,"NAR"
"221",4,2008,"do_pct",107.47795791023,7.05918801384043,114.537145924071,100.41876989639,"NAR"
"222",4,2008,"sal",28.790625,0.38432747748984,29.1749524774898,28.4062975225102,"NAR"
"223",4,2008,"temp",8.83477363901895,2.0692654968574,10.9040391358763,6.76550814216155,"NAR"
"224",4,2008,"turb",0.0157677273985381,0.0374631665656531,0.0532308939641911,-0.021695439167115,"NAR"
"225",4,2009,"do_mgl",10.3580902777778,0.475467329354945,10.8335576071327,9.88262294842283,"NAR"
"226",4,2009,"do_pct",104.936770833333,3.74312290614232,108.679893739476,101.193647927191,"NAR"
"227",4,2009,"sal",28.5875347222222,0.758860175009808,29.346394897232,27.8286745472124,"NAR"
"228",4,2009,"temp",7.89555555555556,1.60424745871835,9.4998030142739,6.29130809683721,"NAR"
"229",4,2009,"turb",0.46875,1.09414936318008,1.56289936318008,-0.625399363180077,"NAR"
"230",4,2010,"do_mgl",9.88443115825427,1.29452761532904,11.1789587735833,8.58990354292522,"NAR"
"231",4,2010,"do_pct",101.883442031027,12.5850838246675,114.468525855694,89.2983582063595,"NAR"
"232",4,2010,"sal",22.7179639874831,3.87605758772739,26.5940215752105,18.8419063997557,"NAR"
"233",4,2010,"temp",10.3541338456442,1.17220998656664,11.5263438322108,9.18192385907752,"NAR"
"234",4,2010,"turb",1.25238095238095,2.79868166242948,4.05106261481043,-1.54630071004853,"NAR"
"235",4,2011,"do_mgl",10.6855253623188,0.930484271506203,11.616009633825,9.75504109081264,"NAR"
"236",4,2011,"do_pct",107.2066772343,7.90265261030993,115.109329844609,99.3040246239896,"NAR"
"237",4,2011,"sal",29.109393115942,0.554062773325995,29.663455889268,28.555330342616,"NAR"
"238",4,2011,"temp",7.36934060660291,2.10024086582734,9.46958147243025,5.26909974077557,"NAR"
"239",4,2011,"turb",1.28534798534799,1.5075400352769,2.79288802062488,-0.222192049928913,"NAR"
"240",4,2012,"do_mgl",9.77865986997636,0.673316238829069,10.4519761088054,9.10534363114729,"NAR"
"241",4,2012,"do_pct",106.001812204492,7.09259809104163,113.094410295533,98.9092141134501,"NAR"
"242",4,2012,"sal",30.676574320331,0.783527765699791,31.4601020860308,29.8930465546312,"NAR"
"243",4,2012,"temp",10.3216784869976,1.58081048497319,11.9024889719708,8.74086800202445,"NAR"
"244",4,2012,"turb",0.531385281385281,1.10747834293936,1.63886362432464,-0.576093061554078,"NAR"
"245",4,2013,"do_mgl",9.83708333333333,0.730492257712281,10.5675755910456,9.10659107562105,"NAR"
"246",4,2013,"do_pct",101.354583333333,5.16445224201072,106.519035575344,96.1901310913226,"NAR"
"247",4,2013,"sal",30.2314204545455,0.418805026967533,30.650225481513,29.8126154275779,"NAR"
"248",4,2013,"temp",7.95416666666667,1.70069373064916,9.65486039731582,6.25347293601751,"NAR"
"249",4,2013,"turb",0.00105263157894737,0.00576550060531754,0.00681813218426491,-0.00471286902637017,"NAR"
"250",4,2014,"do_mgl",9.9533172464289,0.615728581558625,10.5690458279875,9.33758866487028,"NAR"
"251",4,2014,"do_pct",98.1225503770856,4.53326485969773,102.655815236783,93.5892855173878,"NAR"
"252",4,2014,"sal",28.0660467208933,1.33573437462992,29.4017810955232,26.7303123462634,"NAR"
"253",4,2014,"temp",6.92655313341728,1.35307313380103,8.27962626721831,5.57347999961625,"NAR"
"254",4,2014,"turb",0.0123833164507098,0.0335450360932173,0.0459283525439271,-0.0211617196425075,"NAR"
"255",4,2015,"do_mgl",10.2533406432749,1.02949828577617,11.282838929051,9.22384235749868,"NAR"
"256",4,2015,"do_pct",99.8607905701754,6.39035388718263,106.251144457358,93.4704366829928,"NAR"
"257",4,2015,"sal",28.6584736842105,0.970033671797929,29.6285073560085,27.6884400124126,"NAR"
"258",4,2015,"temp",6.30198287420079,1.76874192711622,8.070724801317,4.53324094708457,"NAR"
"259",4,2015,"turb",0.0198717948717949,0.0923633968378534,0.112235191709648,-0.0724916019660585,"NAR"
"260",4,2016,"do_mgl",8.95131944444444,0.52571953216581,9.47703897661025,8.42559991227863,"NAR"
"261",4,2016,"do_pct",92.1824305555556,3.44223512182129,95.6246656773769,88.7401954337343,"NAR"
"262",4,2016,"sal",30.2161111111111,0.741559038129971,30.9576701492411,29.4745520729811,"NAR"
"263",4,2016,"temp",8.17517361111111,1.29485638331452,9.47002999442563,6.88031722779659,"NAR"
"264",4,2016,"turb",1.09813072799687,1.64890710869028,2.74703783668715,-0.550776380693415,"NAR"
"265",4,2017,"do_mgl",10.6516681763285,0.782705267840913,11.4343734441694,9.86896290848759,"NAR"
"266",4,2017,"do_pct",107.359776331681,6.88117303765541,114.240949369336,100.478603294025,"NAR"
"267",4,2017,"sal",28.3314915458937,1.09636372168874,29.4278552675825,27.235127824205,"NAR"
"268",4,2017,"temp",7.76660929951691,1.9532208284813,9.7198301279982,5.81338847103561,"NAR"
"269",4,2017,"turb",1.05627064711544,1.83329907808193,2.88956972519737,-0.777028430966491,"NAR"
"270",4,2018,"do_mgl",9.98851242690058,0.438196395167908,10.4267088220685,9.55031603173268,"NAR"
"271",4,2018,"do_pct",98.4862624269006,2.75818636639282,101.244448793293,95.7280760605078,"NAR"
"272",4,2018,"sal",28.7068026315789,0.616392463901981,29.3231950954809,28.090410167677,"NAR"
"273",4,2018,"temp",6.69209466374269,1.34929637202363,8.04139103576632,5.34279829171906,"NAR"
"274",4,2018,"turb",0,0,0,0,"NAR"
"275",4,2019,"do_mgl",9.47017470760234,0.386785423363329,9.85696013096567,9.08338928423901,"NAR"
"276",4,2019,"do_pct",97.3630135233918,3.79780020386168,101.160813727253,93.5652133195301,"NAR"
"277",4,2019,"sal",28.0657960526316,0.959682410367236,29.0254784629988,27.1061136422643,"NAR"
"278",4,2019,"temp",8.67715899122807,1.59187870452469,10.2690376957528,7.08528028670338,"NAR"
"279",4,2019,"turb",0.179426738566524,0.633199457947897,0.81262619651442,-0.453772719381373,"NAR"
"280",4,2020,"do_mgl",9.39315972222222,0.204399586258065,9.59755930848029,9.18876013596416,"NAR"
"281",4,2020,"do_pct",95.3936111111111,1.41923028936958,96.8128414004807,93.9743808217415,"NAR"
"282",4,2020,"sal",28.7119444444444,1.03777111863644,29.7497155630809,27.674173325808,"NAR"
"283",4,2020,"temp",7.94368055555556,0.643939156204496,8.58761971176005,7.29974139935106,"NAR"
"284",4,2020,"turb",0.879767090832665,2.19399617347547,3.07376326430813,-1.3142290826428,"NAR"
"285",5,2007,"do_mgl",9.82274865591398,0.877120491789007,10.699869147703,8.94562816412497,"NAR"
"286",5,2007,"do_pct",110.328797043011,7.66097290340504,117.989769946416,102.667824139606,"NAR"
"287",5,2007,"sal",28.2224126344086,1.62797254988812,29.8503851842967,26.5944400845205,"NAR"
"288",5,2007,"temp",12.7782594086021,2.07543640027508,14.8536958088772,10.7028230083271,"NAR"
"289",5,2007,"turb",2.73611111111111,3.56295505063009,6.2990661617412,-0.826843939518977,"NAR"
"290",5,2008,"do_mgl",8.62035430732683,0.64661438774733,9.26696869507416,7.9737399195795,"NAR"
"291",5,2008,"do_pct",96.490021724181,5.5767469061289,102.06676863031,90.9132748180521,"NAR"
"292",5,2008,"sal",29.2422777777778,0.524935420486818,29.7672131982646,28.717342357291,"NAR"
"293",5,2008,"temp",12.2568212365591,1.29532732949307,13.5521485660522,10.9614939070661,"NAR"
"294",5,2008,"turb",0.00437927024625187,0.0143457105758535,0.0187249808221053,-0.00996644032960159,"NAR"
"295",5,2009,"do_mgl",8.95571407417532,0.524204645626803,9.47991871980213,8.43150942854852,"NAR"
"296",5,2009,"do_pct",101.331676006925,5.49240216256312,106.824078169489,95.8392738443623,"NAR"
"297",5,2009,"sal",28.4482395890286,1.02934913252912,29.4775887215577,27.4188904564995,"NAR"
"298",5,2009,"temp",12.9774404273738,1.17055199493796,14.1479924223118,11.8068884324358,"NAR"
"299",5,2009,"turb",0.0155909518278856,0.0624005890427222,0.0779915408706078,-0.0468096372148366,"NAR"
"300",5,2010,"do_mgl",8.52032930107527,0.425678573116517,8.94600787419179,8.09465072795875,"NAR"
"301",5,2010,"do_pct",97.7262432795699,4.81071491228243,102.536958191852,92.9155283672875,"NAR"
"302",5,2010,"sal",28.8631048387097,0.563230670900008,29.4263355096097,28.2998741678097,"NAR"
"303",5,2010,"temp",13.5011760752688,1.84121690676773,15.3423929820365,11.6599591685011,"NAR"
"304",5,2010,"turb",0.131417828728086,0.402364305193037,0.533782133921123,-0.270946476464951,"NAR"
"305",5,2011,"do_mgl",8.95949879739672,0.563955731465362,9.52345452886208,8.39554306593136,"NAR"
"306",5,2011,"do_pct",101.29236983588,4.48071671421672,105.773086550097,96.8116531216633,"NAR"
"307",5,2011,"sal",29.0126888794567,0.962328535906181,29.9750174153629,28.0503603435505,"NAR"
"308",5,2011,"temp",12.8233651669496,1.90382604376296,14.7271912107126,10.9195391231867,"NAR"
"309",5,2011,"turb",0.00170940170940171,0.00888231183368655,0.0105917135430883,-0.00717291012428484,"NAR"
"310",5,2012,"do_mgl",8.97451104919987,0.695610361569162,9.67012141076903,8.27890068763071,"NAR"
"311",5,2012,"do_pct",105.266416558297,7.51813864458977,112.784555202887,97.7482779137071,"NAR"
"312",5,2012,"sal",29.1505475306747,0.922045344150055,30.0725928748247,28.2285021865246,"NAR"
"313",5,2012,"temp",14.5589383451336,2.4520783813671,17.0110167265007,12.1068599637665,"NAR"
"314",5,2012,"turb",0.2,0.774596669241483,0.974596669241483,-0.574596669241483,"NAR"
"315",5,2013,"do_mgl",7.87462047255235,0.491882505450553,8.3665029780029,7.3827379671018,"NAR"
"316",5,2013,"do_pct",91.9806670911149,3.96453474524616,95.945201836361,88.0161323458687,"NAR"
"317",5,2013,"sal",30.7353278862479,0.1378394602962,30.8731673465441,30.5974884259517,"NAR"
"318",5,2013,"temp",13.8716613610639,1.35635269093257,15.2280140519965,12.5153086701314,"NAR"
"319",5,2013,"turb",0.259615384615385,0.820002345212406,1.07961772982779,-0.560386960597022,"NAR"
"320",5,2014,"do_mgl",6.88252071150097,0.292065114172502,7.17458582567348,6.59045559732847,"NAR"
"321",5,2014,"do_pct",80.8478877314815,3.08281556140083,83.9307032928823,77.7650721700806,"NAR"
"322",5,2014,"sal",30.7108217592593,0.491933694744544,31.2027554540038,30.2188880645147,"NAR"
"323",5,2014,"temp",14.1452835648148,0.273830679055304,14.4191142438701,13.8714528857595,"NAR"
"324",5,2014,"turb",0.287878787878788,0.546915132005105,0.834793919883893,-0.259036344126317,"NAR"
"325",5,2015,"do_mgl",8.33663341822298,0.539040917057474,8.87567433528045,7.7975925011655,"NAR"
"326",5,2015,"do_pct",93.8850176853424,2.48640893848276,96.3714266238251,91.3986087468596,"NAR"
"327",5,2015,"sal",30.4868056734578,0.435097750441333,30.9219034238992,30.0517079230165,"NAR"
"328",5,2015,"temp",12.2564608092813,2.3272273146443,14.5836881239256,9.92923349463696,"NAR"
"329",5,2015,"turb",0.0553314960045887,0.137161298951541,0.192492794956129,-0.081829802946952,"NAR"
"330",5,2016,"do_mgl",7.85761200716846,0.392690954308701,8.25030296147716,7.46492105285976,"NAR"
"331",5,2016,"do_pct",88.859538530466,1.87872227733815,90.7382608078041,86.9808162531278,"NAR"
"332",5,2016,"sal",30.3255457696661,0.254554441221818,30.5801002108879,30.0709913284443,"NAR"
"333",5,2016,"temp",12.4629849320883,2.07916674865141,14.5421516807397,10.3838181834369,"NAR"
"334",5,2016,"turb",0.01169200952348,0.0271415775154903,0.0388335870389703,-0.0154495679920104,"NAR"
"335",5,2017,"do_mgl",8.39934581542222,0.582017017904557,8.98136283332678,7.81732879751766,"NAR"
"336",5,2017,"do_pct",94.8240569498128,6.10638165451065,100.930438604323,88.7176752953021,"NAR"
"337",5,2017,"sal",28.417358163554,0.69546801230365,29.1128261758577,27.7218901512504,"NAR"
"338",5,2017,"temp",12.8882866440294,1.39659147870684,14.2848781227363,11.4916951653226,"NAR"
"339",5,2017,"turb",0.39671743697479,1.06457462648436,1.46129206345915,-0.667857189509566,"NAR"
"340",5,2018,"do_mgl",7.88195564516129,0.490709062382762,8.37266470754405,7.39124658277853,"NAR"
"341",5,2018,"do_pct",88.9716061827957,3.46921713329119,92.4408233160869,85.5023890495045,"NAR"
"342",5,2018,"sal",28.4114919354839,1.06247305534567,29.4739649908295,27.3490188801382,"NAR"
"343",5,2018,"temp",12.9295362903226,1.61854276049869,14.5480790508213,11.3109935298239,"NAR"
"344",5,2018,"turb",0.0288244766505636,0.103356833662061,0.132181310312625,-0.0745323570114974,"NAR"
"345",5,2019,"do_mgl",8.3588373655914,0.450747825038769,8.80958519063017,7.90808954055263,"NAR"
"346",5,2019,"do_pct",93.2631720430108,3.29963589580389,96.5628079388146,89.9635361472069,"NAR"
"347",5,2019,"sal",28.172311827957,0.994235984059597,29.1665478120166,27.1780758438974,"NAR"
"348",5,2019,"temp",12.4280913978495,1.73415427532479,14.1622456731742,10.6939371225247,"NAR"
"349",5,2019,"turb",0.00438811188811189,0.0168066015697848,0.0211947134578967,-0.0124184896816729,"NAR"
"350",5,2020,"do_mgl",8.77071908602151,0.580298454098923,9.35101754012043,8.19042063192258,"NAR"
"351",5,2020,"do_pct",96.4305988256933,3.18731755964763,99.6179163853409,93.2432812660456,"NAR"
"352",5,2020,"sal",28.550534451047,0.549562484363712,29.1000969354107,28.0009719666833,"NAR"
"353",5,2020,"temp",11.6792632286361,1.9981940264621,13.6774572550982,9.681069202174,"NAR"
"354",5,2020,"turb",0.244897959183673,0.801154134964301,1.04605209414797,-0.556256175780627,"NAR"
"355",6,2007,"do_mgl",7.95880592105263,0.258198709162322,8.21700463021495,7.70060721189031,"NAR"
"356",6,2007,"do_pct",99.8618618421053,3.81824079329334,103.680102635399,96.0436210488119,"NAR"
"357",6,2007,"sal",29.8874652777778,0.738059152852017,30.6255244306298,29.1494061249258,"NAR"
"358",6,2007,"temp",17.6783680555556,1.32644688279041,19.004814938346,16.3519211727651,"NAR"
"359",6,2007,"turb",2.36603738454987,2.57749683096386,4.94353421551374,-0.211459446413992,"NAR"
"360",6,2008,"do_mgl",6.75165079325659,0.611032126027198,7.36268291928379,6.14061866722939,"NAR"
"361",6,2008,"do_pct",85.6281286549708,7.98829569351987,93.6164243484906,77.6398329614509,"NAR"
"362",6,2008,"sal",30.191134966673,0.231422820605082,30.422557787278,29.9597121460679,"NAR"
"363",6,2008,"temp",18.1990076754386,2.110983273766,20.3099909492046,16.0880244016726,"NAR"
"364",6,2008,"turb",0.381125226860254,1.47345964806318,1.85458487492344,-1.09233442120293,"NAR"
"365",6,2009,"do_mgl",8.03898282163743,0.478383702714018,8.51736652435144,7.56059911892341,"NAR"
"366",6,2009,"do_pct",98.5152653508772,6.68783194121319,105.20309729209,91.827433409664,"NAR"
"367",6,2009,"sal",30.1562419590643,0.225615625083581,30.3818575841479,29.9306263339807,"NAR"
"368",6,2009,"temp",16.3513523391813,1.00073640273648,17.3520887419178,15.3506159364448,"NAR"
"369",6,2009,"turb",2.50523241937575,5.30729928080193,7.81253170017767,-2.80206686142618,"NAR"
"370",6,2010,"do_mgl",7.4546875,0.272926914511031,7.72761441451103,7.18176058548897,"NAR"
"371",6,2010,"do_pct",95.8265972222222,4.15218365391337,99.9787808761356,91.6744135683089,"NAR"
"372",6,2010,"sal",29.2717708333333,0.428067039767372,29.6998378731007,28.843703793566,"NAR"
"373",6,2010,"temp",19.1334722222222,1.45523104277335,20.5887032649956,17.6782411794489,"NAR"
"374",6,2010,"turb",0.724729851756823,1.34589855798201,2.07062840973883,-0.621168706225182,"NAR"
"375",6,2011,"do_mgl",7.70840037719802,0.524453239505592,8.23285361670361,7.18394713769242,"NAR"
"376",6,2011,"do_pct",97.6087137681159,7.6781807259039,105.28689449402,89.930533042212,"NAR"
"377",6,2011,"sal",29.2226936680469,0.313125130077606,29.5358187981245,28.9095685379693,"NAR"
"378",6,2011,"temp",18.3639315907522,1.34346796117079,19.707399551923,17.0204636295815,"NAR"
"379",6,2011,"turb",0.143227160651241,0.569039069851641,0.712266230502882,-0.4258119092004,"NAR"
"380",6,2012,"do_mgl",7.89977695438648,0.770081203080383,8.66985815746687,7.1296957513061,"NAR"
"381",6,2012,"do_pct",100.407342498371,9.33361129939624,109.740953797767,91.0737311989748,"NAR"
"382",6,2012,"sal",30.2181204351748,0.404717090615882,30.6228375257907,29.8134033445589,"NAR"
"383",6,2012,"temp",18.8400135000622,1.55082602670795,20.3908395267702,17.2891874733543,"NAR"
"384",6,2012,"turb",1.87948717948718,1.68191127395024,3.56139845343742,0.19757590553694,"NAR"
"385",6,2013,"do_mgl",6.79231931731503,0.611545776999217,7.40386509431424,6.18077354031581,"NAR"
"386",6,2013,"do_pct",85.6901769005848,7.22405899952702,92.9142359001118,78.4661179010578,"NAR"
"387",6,2013,"sal",27.8831421783626,1.85440891915857,29.7375510975211,26.028733259204,"NAR"
"388",6,2013,"temp",18.6319685672515,1.24474063128303,19.8767091985345,17.3872279359684,"NAR"
"389",6,2013,"turb",0.154365079365079,0.603174603174603,0.757539682539683,-0.448809523809524,"NAR"
"390",6,2014,"do_mgl",6.80010121645053,0.409089883140889,7.20919109959142,6.39101133330964,"NAR"
"391",6,2014,"do_pct",86.2300377192983,7.48689484204797,93.7169325613462,78.7431428772503,"NAR"
"392",6,2014,"sal",30.7456131372901,0.307340065859254,31.0529532031493,30.4382730714308,"NAR"
"393",6,2014,"temp",18.0443771929825,1.64293074127104,19.6873079342535,16.4014464517114,"NAR"
"394",6,2014,"turb",0.0841504012051466,0.143746963841647,0.227897365046793,-0.0595965626365,"NAR"
"395",6,2015,"do_mgl",6.83971806027165,0.695713610644576,7.53543167091622,6.14400444962707,"NAR"
"396",6,2015,"do_pct",85.8583205409357,6.90091310897004,92.7592336499057,78.9574074319656,"NAR"
"397",6,2015,"sal",30.6953829165111,0.307368169758773,31.0027510862699,30.3880147467524,"NAR"
"398",6,2015,"temp",17.6303907163743,2.105097713013,19.7354884293873,15.5252930033613,"NAR"
"399",6,2015,"turb",0.42094292540699,0.460152709230766,0.881095634637757,-0.0392097838237762,"NAR"
"400",6,2016,"do_mgl",6.87233415570175,0.288078862453998,7.16041301815575,6.58425529324776,"NAR"
"401",6,2016,"do_pct",85.749763569079,3.78998510108161,89.5397486701606,81.9597784679973,"NAR"
"402",6,2016,"sal",30.606468703608,0.270612192328712,30.8770808959367,30.3358565112793,"NAR"
"403",6,2016,"temp",17.991368693733,1.04115729066204,19.0325259843951,16.950211403071,"NAR"
"404",6,2016,"turb",0.868419548793168,1.57259608002428,2.44101562881745,-0.704176531231117,"NAR"
"405",6,2017,"do_mgl",7.13897228278492,0.769325009220658,7.90829729200558,6.36964727356426,"NAR"
"406",6,2017,"do_pct",89.197927058472,8.40248371199747,97.6004107704695,80.7954433464745,"NAR"
"407",6,2017,"sal",29.1454264116731,0.310719340064932,29.4561457517381,28.8347070716082,"NAR"
"408",6,2017,"temp",17.7941843814081,1.96599204815353,19.7601764295616,15.8281923332545,"NAR"
"409",6,2017,"turb",0.0259089974522578,0.047146997123128,0.0730559945753858,-0.0212379996708703,"NAR"
"410",6,2018,"do_mgl",6.91145833333333,0.3205081433401,7.23196647667343,6.59095018999323,"NAR"
"411",6,2018,"do_pct",86.6031944444444,2.9972567370176,89.600451181462,83.6059377074268,"NAR"
"412",6,2018,"sal",30.2058096926714,0.3570012766858,30.5628109693572,29.8488084159856,"NAR"
"413",6,2018,"temp",17.5349305555556,1.3077022364774,18.842632792033,16.2272283190782,"NAR"
"414",6,2018,"turb",1.46742789843806,2.2618373639045,3.72926526234256,-0.794409465466442,"NAR"
"415",6,2019,"do_mgl",6.83725943293517,0.385184003624549,7.22244343655972,6.45207542931063,"NAR"
"416",6,2019,"do_pct",85.1598958333333,4.18106593067613,89.3409617640095,80.9788299026572,"NAR"
"417",6,2019,"sal",28.9841319444444,0.369038935941481,29.3531708803859,28.615093008503,"NAR"
"418",6,2019,"temp",17.6254166666667,1.68017355136769,19.3055902180344,15.945243115299,"NAR"
"419",6,2019,"turb",0.0345618686868687,0.0801839119204346,0.114745780607303,-0.045622043233566,"NAR"
"420",6,2020,"do_mgl",7.19211805555556,0.298681384713132,7.49079944026869,6.89343667084242,"NAR"
"421",6,2020,"do_pct",91.0442361111111,3.02984138891691,94.074077500028,88.0143947221942,"NAR"
"422",6,2020,"sal",29.8638881578947,0.395753422054468,30.2596415799492,29.4681347358403,"NAR"
"423",6,2020,"temp",18.1848958333333,1.95498947884592,20.1398853121792,16.2299063544874,"NAR"
"424",6,2020,"turb",0.036437908496732,0.141614826203819,0.178052734700552,-0.105176917707087,"NAR"
"425",7,2007,"do_mgl",7.02838497453311,0.387250397261972,7.41563537179508,6.64113457727113,"NAR"
"426",7,2007,"do_pct",94.476814516129,3.75206549952327,98.2288800156523,90.7247490166058,"NAR"
"427",7,2007,"sal",30.1889112903226,0.578823498726913,30.7677347890495,29.6100877915957,"NAR"
"428",7,2007,"temp",21.3215725806452,1.37793862626421,22.6995112069094,19.9436339543809,"NAR"
"429",7,2007,"turb",1.12703513591671,1.47184655231394,2.59888168823065,-0.344811416397224,"NAR"
"430",7,2008,"do_mgl",7.72112578024812,0.940457278030257,8.66158305827838,6.78066850221786,"NAR"
"431",7,2008,"do_pct",105.173387158055,14.3996659546396,119.573053112694,90.7737212034151,"NAR"
"432",7,2008,"sal",30.1568245967742,0.153205313240016,30.3100299100142,30.0036192835342,"NAR"
"433",7,2008,"temp",22.8270849019583,1.05380931052494,23.8808942124832,21.7732755914333,"NAR"
"434",7,2008,"turb",0.756655724621797,1.81978176069422,2.57643748531602,-1.06312603607243,"NAR"
"435",7,2009,"do_mgl",7.86125238183048,0.550140979858473,8.41139336168895,7.311111401972,"NAR"
"436",7,2009,"do_pct",103.50323333487,7.81737506899588,111.320608403866,95.6858582658741,"NAR"
"437",7,2009,"sal",29.036148682566,0.833277883382527,29.8694265659486,28.2028707991835,"NAR"
"438",7,2009,"temp",20.48523800377,1.10388674563435,21.5891247494043,19.3813512581356,"NAR"
"439",7,2009,"turb",0.770117830751045,1.88341393274494,2.65353176349599,-1.1132961019939,"NAR"
"440",7,2010,"do_mgl",6.53579867006225,0.344216175279827,6.88001484534208,6.19158249478243,"NAR"
"441",7,2010,"do_pct",90.003998655914,5.03703662152268,95.0410352774367,84.9669620343913,"NAR"
"442",7,2010,"sal",29.7288587410355,0.421159128629794,30.1500178696653,29.3076996124057,"NAR"
"443",7,2010,"temp",22.8367607526882,0.956475523876092,23.7932362765643,21.8802852288121,"NAR"
"444",7,2010,"turb",0.895376316259509,2.0872492229646,2.98262553922411,-1.1918729067051,"NAR"
"445",7,2011,"do_mgl",6.61672999870579,0.452469299227315,7.06919929793311,6.16426069947848,"NAR"
"446",7,2011,"do_pct",89.9252520276603,5.30478695832182,95.2300389859821,84.6204650693385,"NAR"
"447",7,2011,"sal",29.320709741072,0.400506729647088,29.7212164707191,28.9202030114249,"NAR"
"448",7,2011,"temp",22.3232484446609,1.03521713506428,23.3584655797252,21.2880313095966,"NAR"
"449",7,2011,"turb",0.582769726247987,1.16262790406048,1.74539763030847,-0.579858177812495,"NAR"
"450",7,2012,"do_mgl",6.98801456647407,0.622283158208005,7.61029772468207,6.36573140826607,"NAR"
"451",7,2012,"do_pct",96.1910278641553,8.80274622453434,104.99377408869,87.3882816396209,"NAR"
"452",7,2012,"sal",30.7072746955575,0.301379336020812,31.0086540315783,30.4058953595367,"NAR"
"453",7,2012,"temp",22.4645058715337,0.809997425292522,23.2745032968262,21.6545084462412,"NAR"
"454",7,2012,"turb",1.41652519181516,1.69162748569828,3.10815267751344,-0.275102293883112,"NAR"
"455",7,2013,"do_mgl",5.79620380920627,0.532999598050371,6.32920340725664,5.2632042111559,"NAR"
"456",7,2013,"do_pct",79.547643958687,7.90904293564747,87.4566868943345,71.6386010230396,"NAR"
"457",7,2013,"sal",28.9740860215054,1.04436620559437,30.0184522270997,27.929719815911,"NAR"
"458",7,2013,"temp",22.9439919354839,1.11043496517893,24.0544269006628,21.8335569703049,"NAR"
"459",7,2013,"turb",0.0833709100051136,0.251171040678029,0.334541950683143,-0.167800130672916,"NAR"
"460",7,2014,"do_mgl",6.95826577532541,0.544748272546609,7.50301404787202,6.4135175027788,"NAR"
"461",7,2014,"do_pct",94.28427737691,8.11974881566671,102.404026192577,86.1645285612433,"NAR"
"462",7,2014,"sal",30.3635968644772,0.177665514832002,30.5412623793092,30.1859313496452,"NAR"
"463",7,2014,"temp",21.6648730192417,0.520774608121846,22.1856476273635,21.1440984111198,"NAR"
"464",7,2014,"turb",1.58507452269431,1.74321481005855,3.32828933275286,-0.15814028736424,"NAR"
"465",7,2015,"do_mgl",6.49569275197619,0.399669540923747,6.89536229289994,6.09602321105245,"NAR"
"466",7,2015,"do_pct",88.2565188172043,6.38685331948637,94.6433721366907,81.8696654977179,"NAR"
"467",7,2015,"sal",30.4350134408602,0.273651427878585,30.7086648687388,30.1613620129816,"NAR"
"468",7,2015,"temp",21.7754032258064,0.94128228840069,22.7166855142071,20.8341209374058,"NAR"
"469",7,2015,"turb",2.48599207033742,2.30898420122047,4.79497627155789,0.177007869116953,"NAR"
"470",7,2016,"do_mgl",6.98652777777778,0.528807402102616,7.51533517988039,6.45772037567516,"NAR"
"471",7,2016,"do_pct",95.4548586309524,7.63026757001744,103.08512620097,87.8245910609349,"NAR"
"472",7,2016,"sal",30.8818746302807,0.147469330291515,31.0293439605722,30.7344052999892,"NAR"
"473",7,2016,"temp",21.0693921326754,0.626689955838682,21.6960820885141,20.4427021768368,"NAR"
"474",7,2016,"turb",0.354650792866387,0.369800113000823,0.724450905867211,-0.0151493201344361,"NAR"
"475",7,2017,"do_mgl",5.96472926795056,0.427354374551865,6.39208364250242,5.53737489339869,"NAR"
"476",7,2017,"do_pct",79.583529044596,6.19104831136324,85.7745773559592,73.3924807332328,"NAR"
"477",7,2017,"sal",29.2377655693064,0.664424191416717,29.9021897607231,28.5733413778897,"NAR"
"478",7,2017,"temp",21.1761599287809,0.811938562582857,21.9880984913638,20.364221366198,"NAR"
"479",7,2017,"turb",0.0210540384796918,0.0444220742300198,0.0654761127097117,-0.023368035750328,"NAR"
"480",7,2018,"do_mgl",6.50608198924731,0.367924776632,6.87400676587931,6.13815721261531,"NAR"
"481",7,2018,"do_pct",89.5910954301075,6.13383345824006,95.7249288883476,83.4572619718675,"NAR"
"482",7,2018,"sal",30.6243279569892,0.152724710256426,30.7770526672457,30.4716032467328,"NAR"
"483",7,2018,"temp",22.4042674731183,0.952378212101632,23.3566456852199,21.4518892610166,"NAR"
"484",7,2018,"turb",0.827551060496645,1.50071675755044,2.32826781804709,-0.673165697053798,"NAR"
"485",7,2019,"do_mgl",6.57236665251839,0.383589176276124,6.95595582879452,6.18877747624227,"NAR"
"486",7,2019,"do_pct",89.0127352150538,4.80259329894658,93.8153285140004,84.2101419161072,"NAR"
"487",7,2019,"sal",29.4761088709677,0.258338084561465,29.7344469555292,29.2177707864063,"NAR"
"488",7,2019,"temp",21.9349798387097,0.933387653979206,22.8683674926889,21.0015921847305,"NAR"
"489",7,2019,"turb",0.0185113064650827,0.0353781151141354,0.053889421579218,-0.0168668086490527,"NAR"
"490",7,2020,"do_mgl",6.94487372665535,0.267793421106611,7.21266714776196,6.67708030554874,"NAR"
"491",7,2020,"do_pct",96.1683100789895,4.12986039104757,100.298170470037,92.0384496879419,"NAR"
"492",7,2020,"sal",30.4062173837132,0.209825554644068,30.6160429383573,30.1963918290692,"NAR"
"493",7,2020,"temp",22.8400857099423,1.16566190768867,24.005747617631,21.6744238022536,"NAR"
"494",7,2020,"turb",0.35190756658148,0.846061228151723,1.1979687947332,-0.494153661570243,"NAR"
"495",8,2007,"do_mgl",6.92647354272779,0.325288877202812,7.2517624199306,6.60118466552497,"NAR"
"496",8,2007,"do_pct",94.3195546830787,4.60976214644498,98.9293168295236,89.7097925366337,"NAR"
"497",8,2007,"sal",30.2512882003396,0.48328832973299,30.7345765300725,29.7679998706066,"NAR"
"498",8,2007,"temp",21.952139926429,1.02962448139903,22.981764407828,20.9225154450299,"NAR"
"499",8,2007,"turb",0.332778938233484,1.2693923223404,1.60217126057389,-0.936613384106921,"NAR"
"500",8,2008,"do_mgl",7.03520138222485,0.491938510232301,7.52713989245715,6.54326287199255,"NAR"
"501",8,2008,"do_pct",95.5041758630447,7.5692376260299,103.073413489075,87.9349382370148,"NAR"
"502",8,2008,"sal",31.5,NA,NA,NA,"NAR"
"503",8,2008,"temp",21.4613844086022,0.773069195888641,22.2344536044908,20.6883152127135,"NAR"
"504",8,2008,"turb",0.1975,0.645553424696927,0.843053424696927,-0.448053424696927,"NAR"
"505",8,2009,"do_mgl",7.46484295415959,0.573351962549641,8.03819491670923,6.89149099160995,"NAR"
"506",8,2009,"do_pct",102.111066072439,7.89685723753806,110.007923309977,94.2142088349011,"NAR"
"507",8,2009,"sal",28.4913709677419,0.980846611136576,29.4722175788785,27.5105243566054,"NAR"
"508",8,2009,"temp",22.7633552631579,0.625544185956608,23.3888994491145,22.1378110772013,"NAR"
"509",8,2009,"turb",1.13284215011055,3.19447447498436,4.32731662509491,-2.06163232487381,"NAR"
"510",8,2010,"do_mgl",6.58218996534357,0.790171515974134,7.3723614813177,5.79201844936944,"NAR"
"511",8,2010,"do_pct",90.1879478769674,10.7970317883759,100.984979665343,79.3909160885916,"NAR"
"512",8,2010,"sal",30.5810118252691,0.302514851720489,30.8835266769896,30.2784969735487,"NAR"
"513",8,2010,"temp",22.2387886678262,0.634855277267158,22.8736439450934,21.6039333905591,"NAR"
"514",8,2010,"turb",0.578304138882466,1.6314175511397,2.20972169002216,-1.05311341225723,"NAR"
"515",8,2011,"do_mgl",6.72331821051049,0.585100633211518,7.308418843722,6.13821757729897,"NAR"
"516",8,2011,"do_pct",92.6842737087474,8.42534745223399,101.109621160981,84.2589262565134,"NAR"
"517",8,2011,"sal",29.9487562875721,0.363676655599303,30.3124329431714,29.5850796319728,"NAR"
"518",8,2011,"temp",22.7912009646056,0.476216858491387,23.267417823097,22.3149841061142,"NAR"
"519",8,2011,"turb",0.163733757950176,0.610654099166846,0.774387857117022,-0.44692034121667,"NAR"
"520",8,2012,"do_mgl",6.92142310563643,0.532054527565442,7.45347763320187,6.38936857807099,"NAR"
"521",8,2012,"do_pct",96.8267344429192,7.51562845913784,104.342362902057,89.3111059837814,"NAR"
"522",8,2012,"sal",30.2345279970259,0.629626425603893,30.8641544226297,29.604901571422,"NAR"
"523",8,2012,"temp",23.4803906428735,0.798101585235294,24.2784922281088,22.6822890576382,"NAR"
"524",8,2012,"turb",0.209545020642502,0.79505274226269,1.00459776290519,-0.585507721620188,"NAR"
"525",8,2013,"do_mgl",6.20921113589568,0.502803597962979,6.71201473385866,5.7064075379327,"NAR"
"526",8,2013,"do_pct",84.0303098471986,7.05628998833887,91.0865998355375,76.9740198588598,"NAR"
"527",8,2013,"sal",30.4137050792303,0.225645884594543,30.6393509638249,30.1880591946358,"NAR"
"528",8,2013,"temp",21.5814714204867,0.592364778907585,22.1738361993943,20.9891066415791,"NAR"
"529",8,2013,"turb",0.0234895916429523,0.0422656037199476,0.0657551953628999,-0.0187760120769953,"NAR"
"530",8,2014,"do_mgl",6.7462729909451,0.382356426386561,7.12862941733167,6.36391656455854,"NAR"
"531",8,2014,"do_pct",91.2119496321449,5.48093612063724,96.6928857527821,85.7310135115076,"NAR"
"532",8,2014,"sal",30.8151805251025,0.251188027308273,31.0663685524108,30.5639924977942,"NAR"
"533",8,2014,"temp",21.3799741794001,0.435345638252345,21.8153198176525,20.9446285411478,"NAR"
"534",8,2014,"turb",0.159605419016138,0.243379358773413,0.402984777789552,-0.0837739397572753,"NAR"
"535",8,2015,"do_mgl",6.21357491511036,0.322133292842778,6.53570820795313,5.89144162226758,"NAR"
"536",8,2015,"do_pct",86.5918484719864,5.02483483531302,91.6166833072994,81.5670136366734,"NAR"
"537",8,2015,"sal",31.0923569397436,0.224227671311577,31.3165846110552,30.868129268432,"NAR"
"538",8,2015,"temp",23.0000300650821,0.752945028968339,23.7529750940504,22.2470850361137,"NAR"
"539",8,2015,"turb",0.208920224076767,0.197808663211931,0.406728887288698,0.0111115608648363,"NAR"
"540",8,2016,"do_mgl",6.90352920026833,0.376589116609205,7.28011831687754,6.52694008365913,"NAR"
"541",8,2016,"do_pct",97.6370064265445,5.80422802527753,103.441234451822,91.8327784012669,"NAR"
"542",8,2016,"sal",31.3857920946156,0.0716679431373647,31.457460037753,31.3141241514783,"NAR"
"543",8,2016,"temp",23.7239753377661,0.667221660137411,24.3911969979035,23.0567536776287,"NAR"
"544",8,2016,"turb",0.715162773679117,0.836676235448065,1.55183900912718,-0.121513461768948,"NAR"
"545",8,2017,"do_mgl",5.82326852802407,0.371819121833568,6.19508764985764,5.4514494061905,"NAR"
"546",8,2017,"do_pct",78.3476323315151,5.09612736146299,83.4437596929781,73.2515049700521,"NAR"
"547",8,2017,"sal",30.2686837534894,0.225173915767496,30.4938576692569,30.0435098377219,"NAR"
"548",8,2017,"temp",21.3243438737974,0.456305373154459,21.7806492469519,20.8680385006429,"NAR"
"549",8,2017,"turb",0.0208980777735489,0.0344965285360205,0.0553946063095694,-0.0135984507624717,"NAR"
"550",8,2018,"do_mgl",6.75403225806452,0.586236188804154,7.34026844686867,6.16779606926036,"NAR"
"551",8,2018,"do_pct",95.1604166666667,8.67576485998043,103.836181526647,86.4846518066862,"NAR"
"552",8,2018,"sal",30.4915973401245,0.190865396590067,30.6824627367146,30.3007319435344,"NAR"
"553",8,2018,"temp",23.7671034946237,0.93758810443234,24.704691599056,22.8295153901913,"NAR"
"554",8,2018,"turb",0.403448275862069,1.0282143686526,1.43166264451467,-0.624766092790532,"NAR"
"555",8,2019,"do_mgl",6.29717741935484,0.243024233132799,6.54020165248764,6.05415318622204,"NAR"
"556",8,2019,"do_pct",86.0293346774194,3.291076930478,89.3204116078974,82.7382577469414,"NAR"
"557",8,2019,"sal",29.9168346774194,0.17872079872974,30.0955554761491,29.7381138786896,"NAR"
"558",8,2019,"temp",22.2474126344086,0.753903943983603,23.0013165783922,21.493508690425,"NAR"
"559",8,2019,"turb",0.00916426348195557,0.0286993001992622,0.0378635636812178,-0.0195350367173066,"NAR"
"560",8,2020,"do_mgl",7.07156364014016,0.632547630079485,7.70411127021964,6.43901601006067,"NAR"
"561",8,2020,"do_pct",98.8116454442558,8.76989643542979,107.581541879686,90.041749008826,"NAR"
"562",8,2020,"sal",31.0149890727161,0.15045150291156,31.1654405756277,30.8645375698045,"NAR"
"563",8,2020,"temp",23.1593937464629,0.988664674124609,24.1480584205875,22.1707290723383,"NAR"
"564",8,2020,"turb",3.03659991324465,2.25095024110861,5.28755015435326,0.78564967213604,"NAR"
"565",9,2007,"do_mgl",7.25177083333333,0.803636732345798,8.05540756567913,6.44813410098754,"NAR"
"566",9,2007,"do_pct",94.2110416666667,10.4471842211546,104.658225887821,83.763857445512,"NAR"
"567",9,2007,"sal",29.6921859284494,0.776674508352098,30.4688604368015,28.9155114200973,"NAR"
"568",9,2007,"temp",20.1846180555556,0.788211545072059,20.9728296006276,19.3964065104835,"NAR"
"569",9,2007,"turb",1.52036999708932,2.24160812811117,3.76197812520049,-0.721238131021849,"NAR"
"570",9,2008,"do_mgl",7.08588340643275,0.510733164904061,7.59661657133681,6.57515024152869,"NAR"
"571",9,2008,"do_pct",93.3519601608187,7.76062510326215,101.112585264081,85.5913350575566,"NAR"
"572",9,2008,"sal",30.0715051020408,0.427562022211561,30.4990671242524,29.6439430798293,"NAR"
"573",9,2008,"temp",19.7606991959064,1.2193635235871,20.9800627194935,18.5413356723193,"NAR"
"574",9,2008,"turb",0.675929025523346,1.14835674062402,1.82428576614736,-0.472427715100669,"NAR"
"575",9,2009,"do_mgl",7.07763888888889,0.34204369412304,7.41968258301193,6.73559519476585,"NAR"
"576",9,2009,"do_pct",92.700625,5.24673539970579,97.9473603997058,87.4538896002942,"NAR"
"577",9,2009,"sal",30.8143055555556,1.0344483247954,31.848753880351,29.7798572307602,"NAR"
"578",9,2009,"temp",19.6495486111111,0.903867867830033,20.5534164789411,18.7456807432811,"NAR"
"579",9,2009,"turb",0.195740279337737,0.399630566467128,0.595370845804865,-0.203890287129391,"NAR"
"580",9,2010,"do_mgl",6.69156317555395,0.482803587279822,7.17436676283378,6.20875958827413,"NAR"
"581",9,2010,"do_pct",88.3188164253927,7.67944200369227,95.998258429085,80.6393744217005,"NAR"
"582",9,2010,"sal",31.1082963303497,0.0907828233558935,31.1990791537056,31.0175135069938,"NAR"
"583",9,2010,"temp",20.0881295787546,1.24644903385476,21.3345786126093,18.8416805448998,"NAR"
"584",9,2010,"turb",0.00973266499582289,0.027912281689428,0.0376449466852509,-0.0181796166936051,"NAR"
"585",9,2012,"do_mgl",6.56508508812503,0.619636313573342,7.18472140169837,5.94544877455169,"NAR"
"586",9,2012,"do_pct",87.4493417874396,8.25364627057842,95.702988058018,79.1956955168612,"NAR"
"587",9,2012,"sal",30.5880931170014,0.392185475636649,30.9802785926381,30.1959076413648,"NAR"
"588",9,2012,"temp",20.6747312801932,1.34165154509424,22.0163828252875,19.333079735099,"NAR"
"589",9,2012,"turb",0.469845137265952,1.10042624973995,1.5702713870059,-0.630581112473997,"NAR"
"590",9,2013,"do_mgl",6.53560233918129,0.620100829192343,7.15570316837363,5.91550150998894,"NAR"
"591",9,2013,"do_pct",84.9075259502924,7.79917912210995,92.7067050724023,77.1083468281824,"NAR"
"592",9,2013,"sal",30.4571513157895,0.502313030284472,30.9594643460739,29.954838285505,"NAR"
"593",9,2013,"temp",19.3597554824561,1.28380836888476,20.6435638513409,18.0759471135714,"NAR"
"594",9,2013,"turb",0.0201605479748755,0.0505849774996656,0.0707455254745411,-0.0304244295247902,"NAR"
"595",9,2014,"do_mgl",6.59905153508772,0.419737570893691,7.01878910598141,6.17931396419403,"NAR"
"596",9,2014,"do_pct",88.2164323830409,5.61501424877701,93.831446631818,82.6014181342639,"NAR"
"597",9,2014,"sal",31.6591882309942,0.256785064528434,31.9159732955226,31.4024031664657,"NAR"
"598",9,2014,"temp",20.5170749269006,1.14349017862538,21.660565105526,19.3735847482752,"NAR"
"599",9,2014,"turb",0.87453717259691,1.37526360182471,2.24980077442162,-0.500726429227796,"NAR"
"600",9,2015,"do_mgl",6.1266756252333,0.343193059007302,6.4698686842406,5.78348256622599,"NAR"
"601",9,2015,"do_pct",83.1617810672515,5.15335020905129,88.3151312763028,78.0084308582002,"NAR"
"602",9,2015,"sal",31.6682547130464,0.18948946264676,31.8577441756931,31.4787652503996,"NAR"
"603",9,2015,"temp",21.4203954678363,1.31915861365096,22.7395540814872,20.1012368541853,"NAR"
"604",9,2015,"turb",1.25777034694121,1.88454423435487,3.14231458129608,-0.626773887413661,"NAR"
"605",9,2016,"do_mgl",6.80804532163743,0.774868944185184,7.58291426582261,6.03317637745224,"NAR"
"606",9,2016,"do_pct",92.4638260233918,11.2632617243905,103.727087747782,81.2005642990013,"NAR"
"607",9,2016,"sal",31.610870248538,0.129114200305969,31.739984448844,31.481756048232,"NAR"
"608",9,2016,"temp",21.3409407894737,0.883330277296643,22.2242710667703,20.457610512177,"NAR"
"609",9,2016,"turb",0.0431740196078431,0.167088253775142,0.210262273382985,-0.123914234167299,"NAR"
"610",9,2017,"do_mgl",6.50879358747045,0.433654189216711,6.94244777668716,6.07513939825374,"NAR"
"611",9,2017,"do_pct",85.5624918735225,6.03511584838647,91.5976077219089,79.527376025136,"NAR"
"612",9,2017,"sal",30.9952375730994,0.222288785114194,31.2175263582136,30.7729487879852,"NAR"
"613",9,2017,"temp",19.7789199561403,0.478643120973182,20.2575630771135,19.3002768351672,"NAR"
"614",9,2017,"turb",0.016980708079313,0.0411422030681043,0.0581229111474173,-0.0241614949887912,"NAR"
"615",9,2018,"do_mgl",6.39670175438596,0.449423679929974,6.84612543431594,5.94727807445599,"NAR"
"616",9,2018,"do_pct",86.4216991959064,6.10047845790157,92.522177653808,80.3212207380049,"NAR"
"617",9,2018,"sal",30.6038636695906,0.387170538019356,30.99103420761,30.2166931315713,"NAR"
"618",9,2018,"temp",21.4339707602339,1.19356214700142,22.6275329072353,20.2404086132325,"NAR"
"619",9,2018,"turb",1.02941176470588,1.81547676447619,2.84488852918207,-0.786064999770309,"NAR"
"620",9,2019,"do_mgl",6.46353106725146,0.378956706997878,6.84248777424934,6.08457436025358,"NAR"
"621",9,2019,"do_pct",85.2211162280702,4.75059531721092,89.9717115452811,80.4705209108592,"NAR"
"622",9,2019,"sal",30.5599177631579,0.184711367173655,30.7446291303315,30.3752063959842,"NAR"
"623",9,2019,"temp",20.1081224415205,0.675946140535422,20.7840685820559,19.432176300985,"NAR"
"624",9,2019,"turb",0.0280710720811151,0.0562746277823492,0.0843456998634643,-0.028203555701234,"NAR"
"625",9,2020,"do_mgl",6.93815972222222,0.423428032540148,7.36158775476237,6.51473168968207,"NAR"
"626",9,2020,"do_pct",92.3820486111111,5.34664980138675,97.7286984124979,87.0353988097244,"NAR"
"627",9,2020,"sal",31.475951754386,0.208901184457495,31.6848529388435,31.2670505699285,"NAR"
"628",9,2020,"temp",20.3569791666667,1.31906127020264,21.6760404368693,19.037917896464,"NAR"
"629",9,2020,"turb",2.90897727272727,1.77252337114061,4.68150064386788,1.13645390158666,"NAR"
"630",10,2007,"do_mgl",7.39354838709677,0.48489737508369,7.87844576218046,6.90865101201308,"NAR"
"631",10,2007,"do_pct",93.7900873655914,6.81709519923003,100.607182564821,86.9729921663614,"NAR"
"632",10,2007,"sal",31.2832325268817,0.485006857503806,31.7682393843855,30.7982256693779,"NAR"
"633",10,2007,"temp",17.8034946236559,1.2772006230235,19.0806952466794,16.5262940006324,"NAR"
"634",10,2007,"turb",2.52647058823529,1.60741617657217,4.13388676480746,0.919054411663127,"NAR"
"635",10,2008,"do_mgl",8.55296386463407,0.570997390813641,9.12396125544771,7.98196647382043,"NAR"
"636",10,2008,"do_pct",101.976353981991,5.77784938735947,107.754203369351,96.1985045946319,"NAR"
"637",10,2008,"sal",30.095009242768,1.07140879509935,31.1664180378674,29.0236004476686,"NAR"
"638",10,2008,"temp",17.2802407661695,0.954097011979199,18.2343377781487,16.3261437541903,"NAR"
"639",10,2008,"turb",0.039467032967033,0.114595832511856,0.154062865478889,-0.0751287995448227,"NAR"
"640",10,2009,"do_mgl",7.62221009101506,0.484555663395241,8.10676575441031,7.13765442761982,"NAR"
"641",10,2009,"do_pct",90.6805467972601,3.36503998415827,94.0455867814184,87.3155068131018,"NAR"
"642",10,2009,"sal",31.778536610379,0.705486142458137,32.4840227528372,31.0730504679209,"NAR"
"643",10,2009,"temp",14.4896307868284,1.7753762360293,16.2650070228577,12.7142545507991,"NAR"
"644",10,2009,"turb",0.0318505279813452,0.0650486213459757,0.0968991493273208,-0.0331980933646305,"NAR"
"645",10,2010,"do_mgl",7.50221774193548,0.606527698780274,8.10874544071576,6.89569004315521,"NAR"
"646",10,2010,"do_pct",91.6463709677419,4.53860757123693,96.1849785389789,87.107763396505,"NAR"
"647",10,2010,"sal",31.0605510752688,0.134635767094828,31.1951868423636,30.925915308174,"NAR"
"648",10,2010,"temp",16.0758064516129,1.86337514607692,17.9391815976898,14.212431305536,"NAR"
"649",10,2010,"turb",0.0565253106570931,0.17488277266652,0.231408083323613,-0.118357462009427,"NAR"
"650",10,2011,"do_mgl",7.99970288880297,0.28815747939857,8.28786036820154,7.7115454094044,"NAR"
"651",10,2011,"do_pct",98.3003898283443,5.09988709592665,103.400276924271,93.2005027324176,"NAR"
"652",10,2011,"sal",29.0242001353226,0.491290864256623,29.5154909995793,28.532909271066,"NAR"
"653",10,2011,"temp",16.8715574650242,1.90038404258176,18.7719415076059,14.9711734224424,"NAR"
"654",10,2011,"turb",0.705280867001094,1.32060901841274,2.02588988541383,-0.615328151411645,"NAR"
"655",10,2012,"do_mgl",7.32024555320314,0.444690486389988,7.76493603959312,6.87555506681315,"NAR"
"656",10,2012,"do_pct",90.4247964055257,4.49895782411096,94.9237542296366,85.9258385814147,"NAR"
"657",10,2012,"sal",31.266860605241,0.512570321292029,31.7794309265331,30.754290283949,"NAR"
"658",10,2012,"temp",16.4939716536863,1.24514888321964,17.7391205369059,15.2488227704666,"NAR"
"659",10,2012,"turb",0.0033316726865114,0.0135361061135124,0.0168677788000238,-0.010204433427001,"NAR"
"660",10,2013,"do_mgl",6.97605952918738,0.374638605280021,7.3506981344674,6.60142092390736,"NAR"
"661",10,2013,"do_pct",88.1934918994541,4.67211199103793,92.865603890492,83.5213799084162,"NAR"
"662",10,2013,"sal",31.5602207934609,0.262752094598974,31.8229728880599,31.297468698862,"NAR"
"663",10,2013,"temp",16.7920274476514,1.43913375425872,18.2311612019101,15.3528936933927,"NAR"
"664",10,2013,"turb",0.426727806309611,1.04864778740404,1.47537559371366,-0.621919981094433,"NAR"
"665",10,2014,"do_mgl",7.53226307346149,0.45113454522801,7.9833976186895,7.08112852823348,"NAR"
"666",10,2014,"do_pct",94.3832527680413,5.3189400816508,99.7021928496921,89.0643126863905,"NAR"
"667",10,2014,"sal",31.9309468504117,0.161019773111021,32.0919666235227,31.7699270773006,"NAR"
"668",10,2014,"temp",17.0057198618946,1.05861463533879,18.0643344972334,15.9471052265558,"NAR"
"669",10,2014,"turb",0.737185653461884,0.752662886495365,1.48984853995725,-0.0154772330334809,"NAR"
"670",10,2015,"do_mgl",7.37546971516815,0.515737708986381,7.89120742415454,6.85973200618177,"NAR"
"671",10,2015,"do_pct",90.8955889219015,5.43412315084491,96.3297120727464,85.4614657710566,"NAR"
"672",10,2015,"sal",31.7540422626277,0.084285471992683,31.8383277346204,31.669756790635,"NAR"
"673",10,2015,"temp",16.212441992077,1.50940339221969,17.7218453842967,14.7030385998573,"NAR"
"674",10,2015,"turb",0.478301344044719,1.0217109117983,1.50001225584302,-0.543409567753582,"NAR"
"675",10,2016,"do_mgl",7.61829442558008,0.428495995426542,8.04679042100662,7.18979843015354,"NAR"
"676",10,2016,"do_pct",95.0724904499151,4.43270810166286,99.505198551578,90.6397823482522,"NAR"
"677",10,2016,"sal",31.6996452320317,0.211888063305044,31.9115332953367,31.4877571687266,"NAR"
"678",10,2016,"temp",16.8825855970572,1.5085079907623,18.3910935878195,15.3740776062949,"NAR"
"679",10,2016,"turb",0.119389803744642,0.485200200774138,0.604590004518781,-0.365810397029496,"NAR"
"680",10,2017,"do_mgl",6.95125489921613,0.38260764854874,7.33386254776487,6.56864725066738,"NAR"
"681",10,2017,"do_pct",88.6527227149032,4.28400206526121,92.9367247801645,84.368720649642,"NAR"
"682",10,2017,"sal",31.0107820458404,0.248008288281871,31.2587903341223,30.7627737575585,"NAR"
"683",10,2017,"temp",18.2003080786644,0.746107651253052,18.9464157299175,17.4542004274114,"NAR"
"684",10,2017,"turb",0.674498681395233,1.37113457994163,2.04563326133686,-0.696635898546392,"NAR"
"685",10,2018,"do_mgl",7.2027979390681,0.359365677636086,7.56216361670419,6.84343226143201,"NAR"
"686",10,2018,"do_pct",88.2190277777778,2.89581238002012,91.1148401577979,85.3232153977577,"NAR"
"687",10,2018,"sal",29.2652329749104,0.491851046834812,29.7570840217452,28.7733819280756,"NAR"
"688",10,2018,"temp",16.7260909498208,2.66737140898539,19.3934623588062,14.0587195408354,"NAR"
"689",10,2018,"turb",0.595496894409938,1.52824557346365,2.12374246787359,-0.93274867905371,"NAR"
"690",10,2019,"do_mgl",7.25847567545627,0.677784927924149,7.93626060338042,6.58069074753212,"NAR"
"691",10,2019,"do_pct",89.183811258773,6.04695555354563,95.2307668123186,83.1368557052274,"NAR"
"692",10,2019,"sal",31.1929109876932,0.314348091766457,31.5072590794597,30.8785628959268,"NAR"
"693",10,2019,"temp",16.3243657104007,1.51895845420398,17.8433241646046,14.8054072561967,"NAR"
"694",10,2019,"turb",0.330357142857143,0.916051082239798,1.24640822509694,-0.585693939382655,"NAR"
"695",10,2020,"do_mgl",7.1679435483871,0.340532045343846,7.50847559373094,6.82741150304325,"NAR"
"696",10,2020,"do_pct",90.2288978494624,4.03753144308704,94.2664292925494,86.1913664063753,"NAR"
"697",10,2020,"sal",31.6462213497453,0.115061606231622,31.761282955977,31.5311597435137,"NAR"
"698",10,2020,"temp",17.3282594086022,1.1923215269772,18.5205809355794,16.1359378816249,"NAR"
"699",10,2020,"turb",1.67936507936508,3.00759180501751,4.68695688438259,-1.32822672565243,"NAR"
"700",11,2007,"do_mgl",8.6425347459558,0.409578380344836,9.05211312630063,8.23295636561096,"NAR"
"701",11,2007,"do_pct",93.841779591023,1.1740464642811,95.0158260553041,92.6677331267419,"NAR"
"702",11,2007,"sal",30.1339735702894,0.828512621438463,30.9624861917278,29.3054609488509,"NAR"
"703",11,2007,"temp",10.6278352130326,2.31004657776608,12.9378817907987,8.3177886352665,"NAR"
"704",11,2007,"turb",2.52872989659322,1.47442214102808,4.0031520376213,1.05430775556514,"NAR"
"705",11,2008,"do_mgl",8.644375,0.476247401090042,9.12062240109004,8.16812759890996,"NAR"
"706",11,2008,"do_pct",94.0059375,3.4378837424042,97.4438212424042,90.5680537575958,"NAR"
"707",11,2008,"sal",30.2224867724868,0.263413374594978,30.4859001470818,29.9590733978918,"NAR"
"708",11,2008,"temp",10.5519314516129,2.35952633569276,12.9114577873057,8.19240511592015,"NAR"
"709",11,2008,"turb",0.0125312027578229,0.0457690022003383,0.0583002049581611,-0.0332377994425154,"NAR"
"710",11,2009,"do_mgl",8.205,0.146264090833128,8.35126409083313,8.05873590916687,"NAR"
"711",11,2009,"do_pct",92.2381597222222,0.767232994703251,93.0053927169255,91.470926727519,"NAR"
"712",11,2009,"sal",31.1072222222222,0.282779199148285,31.3900014213705,30.8244430230739,"NAR"
"713",11,2009,"temp",11.8755208333333,0.655963022798158,12.5314838561315,11.2195578105352,"NAR"
"714",11,2009,"turb",0.139554280248685,0.438407759865753,0.577962040114438,-0.298853479617069,"NAR"
"715",11,2010,"do_mgl",8.91148026315789,0.573419301398404,9.4848995645563,8.33806096175949,"NAR"
"716",11,2010,"do_pct",97.3108874269006,4.71121430375402,102.022101730655,92.5996731231466,"NAR"
"717",11,2010,"sal",30.9153450292398,0.397521090082109,31.3128661193219,30.5178239391577,"NAR"
"718",11,2010,"temp",10.6210230263158,1.41465977087666,12.0356827971925,9.20636325543913,"NAR"
"719",11,2010,"turb",0.428010455727847,1.01100148365704,1.43901193938489,-0.582991027929195,"NAR"
"720",11,2011,"do_mgl",8.81132565789474,0.279989127615326,9.09131478551006,8.53133653027941,"NAR"
"721",11,2011,"do_pct",97.3530800438596,3.17200202763621,100.525082071496,94.1810780162234,"NAR"
"722",11,2011,"sal",28.351581871345,0.571367286862364,28.9229491582074,27.7802145844827,"NAR"
"723",11,2011,"temp",11.8691257309942,0.486840172279948,12.3559659032741,11.3822855587142,"NAR"
"724",11,2011,"turb",0.215454545454545,0.733728449779977,0.949182995234523,-0.518273904325432,"NAR"
"725",11,2012,"do_mgl",8.51949159356725,0.355114399285335,8.87460599285259,8.16437719428191,"NAR"
"726",11,2012,"do_pct",94.4110423976608,1.30509534520208,95.7161377428629,93.1059470524587,"NAR"
"727",11,2012,"sal",31.3121162280702,0.488751205866913,31.8008674339371,30.8233650222033,"NAR"
"728",11,2012,"temp",11.1962167397661,1.87247605620892,13.068692795975,9.32374068355717,"NAR"
"729",11,2012,"turb",0.0062888198757764,0.0215195207374865,0.0278083406132629,-0.0152307008617101,"NAR"
"730",11,2013,"do_mgl",8.47154759857159,0.409360909850771,8.88090850842237,8.06218668872082,"NAR"
"731",11,2013,"do_pct",94.5147941626943,2.33549554956868,96.850289712263,92.1792986131256,"NAR"
"732",11,2013,"sal",31.5298296805281,0.105721064659867,31.635550745188,31.4241086158683,"NAR"
"733",11,2013,"temp",10.7343680555556,2.18665610123372,12.9210241567893,8.54771195432183,"NAR"
"734",11,2013,"turb",0.0825815932103744,0.270596244476374,0.353177837686748,-0.188014651265999,"NAR"
"735",11,2014,"do_mgl",8.46520510335917,0.521596237535565,8.98680134089474,7.94360886582361,"NAR"
"736",11,2014,"do_pct",92.9748546511628,1.80140810643032,94.7762627575931,91.1734465447325,"NAR"
"737",11,2014,"sal",31.2793447317421,0.430147180298814,31.709491912041,30.8491975514433,"NAR"
"738",11,2014,"temp",10.8396560077519,2.02599111564332,12.8656471233953,8.81366489210861,"NAR"
"739",11,2014,"turb",0.546948136768786,1.11036573018483,1.65731386695361,-0.563417593416041,"NAR"
"740",11,2015,"do_mgl",7.88018421052632,0.339575540619831,8.21975975114615,7.54060866990648,"NAR"
"741",11,2015,"do_pct",89.8836772660819,2.52075948268909,92.404436748771,87.3629177833928,"NAR"
"742",11,2015,"sal",31.5824945175439,0.269971291643634,31.8524658091875,31.3125232259002,"NAR"
"743",11,2015,"temp",12.455668494152,1.40827127048603,13.8639397646381,11.047397223666,"NAR"
"744",11,2015,"turb",1.34844054580897,2.32571277896368,3.67415332477264,-0.977272233154709,"NAR"
"745",11,2016,"do_mgl",8.47266865079365,0.525296292443362,8.99796494323701,7.94737235835029,"NAR"
"746",11,2016,"do_pct",95.1986904761905,3.93047200656244,99.1291624827529,91.268218469628,"NAR"
"747",11,2016,"sal",31.5713618421053,0.139996940823805,31.7113587829291,31.4313649012815,"NAR"
"748",11,2016,"temp",11.8740917397661,1.67559551818195,13.549687257948,10.1984962215841,"NAR"
"749",11,2016,"turb",0.0219597790454719,0.0652393297417555,0.0871991087872274,-0.0432795506962835,"NAR"
"750",11,2017,"do_mgl",8.00096162280702,0.60408127448207,8.60504289728909,7.39688034832495,"NAR"
"751",11,2017,"do_pct",89.9683040935673,2.33057209772936,92.2988761912966,87.6377319958379,"NAR"
"752",11,2017,"sal",29.7436948099415,0.306045609676702,30.0497404196182,29.4376492002648,"NAR"
"753",11,2017,"temp",12.4513329678363,2.47071032294423,14.9220432907805,9.98062264489203,"NAR"
"754",11,2017,"turb",0.0285131576549487,0.11468906139117,0.143202219046118,-0.086175903736221,"NAR"
"755",11,2018,"do_mgl",8.62367324561404,0.485463152430226,9.10913639804426,8.13821009318381,"NAR"
"756",11,2018,"do_pct",92.1263092105263,1.03205806826912,93.1583672787954,91.0942511422572,"NAR"
"757",11,2018,"sal",28.0592269736842,1.08468792357484,29.1439148972591,26.9745390501094,"NAR"
"758",11,2018,"temp",10.4988625730994,2.01443511471261,12.513297687812,8.4844274583868,"NAR"
"759",11,2018,"turb",0.259873240794293,0.661884486126359,0.921757726920652,-0.402011245332066,"NAR"
"760",11,2019,"do_mgl",8.53409722222222,0.314467100650359,8.84856432287258,8.21963012157186,"NAR"
"761",11,2019,"do_pct",94.2521875,2.07654281893568,96.3287303189357,92.1756446810643,"NAR"
"762",11,2019,"sal",30.5526736111111,0.370618327197161,30.9232919383083,30.182055283914,"NAR"
"763",11,2019,"temp",11.2477083333333,2.02204250469781,13.2697508380311,9.22566582863552,"NAR"
"764",11,2019,"turb",0.0532491818606826,0.285625858707104,0.338875040567787,-0.232376676846422,"NAR"
"765",11,2020,"do_mgl",8.36625,0.345524048967291,8.71177404896729,8.02072595103271,"NAR"
"766",11,2020,"do_pct",94.4536458333333,2.54339327644911,96.9970391097824,91.9102525568842,"NAR"
"767",11,2020,"sal",30.9129166666667,0.342574902840989,31.2554915695077,30.5703417638257,"NAR"
"768",11,2020,"temp",12.1598958333333,1.17258740319066,13.332483236524,10.9873084301427,"NAR"
"769",11,2020,"turb",1.20713038327792,2.59520037384109,3.80233075711902,-1.38806999056317,"NAR"
"770",12,2007,"do_mgl",10.4106914404675,0.803953458096681,11.2146448985642,9.6067379823708,"NAR"
"771",12,2007,"do_pct",99.7501373979854,5.88070296562185,105.630840363607,93.8694344323636,"NAR"
"772",12,2007,"sal",30.4877227164669,0.343302831166993,30.8310255476339,30.1444198852999,"NAR"
"773",12,2007,"temp",5.02572937464876,0.925144384574177,5.95087375922294,4.10058499007458,"NAR"
"774",12,2007,"turb",1.07974910394265,1.91604738159665,2.9957964855393,-0.836298277653998,"NAR"
"775",12,2008,"do_mgl",10.9069668458781,0.563375632507602,11.4703424783857,10.3435912133705,"NAR"
"776",12,2008,"do_pct",102.20235588411,2.95605475110453,105.158410635214,99.2463011330054,"NAR"
"777",12,2008,"sal",28.6738772928526,1.32098194677778,29.9948592396304,27.3528953460748,"NAR"
"778",12,2008,"temp",4.55953556171421,0.997060280260384,5.55659584197459,3.56247528145383,"NAR"
"779",12,2008,"turb",0,0,0,0,"NAR"
"780",12,2009,"do_mgl",9.2814850433436,0.479576890271061,9.76106193361466,8.80190815307254,"NAR"
"781",12,2009,"do_pct",93.1141563526252,0.947896531829406,94.0620528844546,92.1662598207958,"NAR"
"782",12,2009,"sal",30.7752998532921,1.36199472467947,32.1372945779715,29.4133051286126,"NAR"
"783",12,2009,"temp",6.93368685821242,2.08375485520189,9.01744171341431,4.84993200301053,"NAR"
"784",12,2009,"turb",0.110568319657986,0.28119742593832,0.391765745596306,-0.170629106280334,"NAR"
"785",12,2010,"do_mgl",10.6082997311828,0.975165268365952,11.5834649995487,9.63313446281684,"NAR"
"786",12,2010,"do_pct",101.66622983871,5.76336944472162,107.429599283431,95.9028603939881,"NAR"
"787",12,2010,"sal",30.0380040322581,0.537887112359946,30.575891144618,29.5001169198981,"NAR"
"788",12,2010,"temp",5.23089744342384,1.65462991738788,6.88552736081172,3.57626752603596,"NAR"
"789",12,2010,"turb",0.859082582667557,1.67861328249755,2.53769586516511,-0.819530699829994,"NAR"
"790",12,2011,"do_mgl",9.52188541324739,0.234862550112089,9.75674796335948,9.2870228631353,"NAR"
"791",12,2011,"do_pct",99.1619605937851,3.17342829975147,102.335388893537,95.9885322940337,"NAR"
"792",12,2011,"sal",28.0139040165916,1.04418236984601,29.0580863864376,26.9697216467456,"NAR"
"793",12,2011,"temp",9.26189730610844,1.14859639940033,10.4104937055088,8.11330090670811,"NAR"
"794",12,2011,"turb",0.147738938749803,0.6131861450261,0.760925083775904,-0.465447206276297,"NAR"
"795",12,2012,"do_mgl",9.29524122807018,0.31090632981175,9.60614755788193,8.98433489825842,"NAR"
"796",12,2012,"do_pct",94.0300495189587,1.14859522610432,95.178644745063,92.8814542928544,"NAR"
"797",12,2012,"sal",30.3571795415959,0.428703023861486,30.7858825654574,29.9284765177344,"NAR"
"798",12,2012,"temp",7.336605475382,1.0043741972092,8.34097967259121,6.3322312781728,"NAR"
"799",12,2012,"turb",0.00188679245283019,0.010334387877456,0.0122211803302862,-0.00844759542462578,"NAR"
"800",12,2013,"do_mgl",11.0290449134199,2.01218357753435,13.0412284909543,9.01686133588557,"NAR"
"801",12,2013,"do_pct",104.94499120671,15.738548182652,120.683539389362,89.2064430240579,"NAR"
"802",12,2013,"sal",30.1171787317621,0.59030518828046,30.7074839200425,29.5268735434816,"NAR"
"803",12,2013,"temp",5.57386894575788,1.27855805683522,6.8524270025931,4.29531088892266,"NAR"
"804",12,2013,"turb",0.00135869565217391,0.00651607543928359,0.0078747710914575,-0.00515737978710967,"NAR"
"805",12,2014,"do_mgl",9.4773503820034,0.225094916323214,9.70244529832661,9.25225546568018,"NAR"
"806",12,2014,"do_pct",94.776461516695,0.926218356423539,95.7026798731185,93.8502431602714,"NAR"
"807",12,2014,"sal",29.8172464354333,0.845570461037248,30.6628168964706,28.9716759743961,"NAR"
"808",12,2014,"temp",7.00695246179966,0.773926050529843,7.7808785123295,6.23302641126982,"NAR"
"809",12,2014,"turb",0.156449553001277,0.835411667676434,0.991861220677712,-0.678962114675157,"NAR"
"810",12,2015,"do_mgl",8.63106288907753,0.193710882629502,8.82477377170703,8.43735200644803,"NAR"
"811",12,2015,"do_pct",91.7545369977363,1.31252263086387,93.0670596286001,90.4420143668724,"NAR"
"812",12,2015,"sal",31.0721988585538,0.522185678681196,31.594384537235,30.5500131798726,"NAR"
"813",12,2015,"temp",9.30669107243916,0.408216914542916,9.71490798698208,8.89847415789625,"NAR"
"814",12,2015,"turb",0.543953795411484,1.34313383637789,1.88708763178937,-0.799180040966402,"NAR"
"815",12,2016,"do_mgl",9.85600552306693,0.496915535230662,10.3529210582976,9.35908998783627,"NAR"
"816",12,2016,"do_pct",98.1623440545809,1.54726362859338,99.7096076831743,96.6150804259875,"NAR"
"817",12,2016,"sal",31.1454081384016,0.204288051999737,31.3496961904013,30.9411200864018,"NAR"
"818",12,2016,"temp",6.47699952817516,1.77411885000157,8.25111837817673,4.70288067817359,"NAR"
"819",12,2016,"turb",0.532298136645963,1.18649025924137,1.71878839588734,-0.654192122595411,"NAR"
"820",12,2017,"do_mgl",9.38450940860215,0.602490535474847,9.986999944077,8.7820188731273,"NAR"
"821",12,2017,"do_pct",94.0937163978495,1.67457702828495,95.7682934261344,92.4191393695645,"NAR"
"822",12,2017,"sal",30.0942204301075,0.230772128667272,30.3249925587748,29.8634483014403,"NAR"
"823",12,2017,"temp",7.10976612090036,2.17986685991316,9.28963298081352,4.9298992609872,"NAR"
"824",12,2017,"turb",0.0513336126239352,0.167490207771642,0.218823820395577,-0.116156595147707,"NAR"
"825",12,2018,"do_mgl",9.59556451612903,0.235152409412765,9.8307169255418,9.36041210671627,"NAR"
"826",12,2018,"do_pct",95.0475134408602,1.3497638006413,96.3972772415015,93.6977496402189,"NAR"
"827",12,2018,"sal",28.5233198924731,0.970255687615568,29.4935755800887,27.5530642048575,"NAR"
"828",12,2018,"temp",6.93000672043011,0.687823967195941,7.61783068762605,6.24218275323417,"NAR"
"829",12,2018,"turb",0.592138009049774,1.39836712377544,1.99050513282522,-0.806229114725668,"NAR"
"830",12,2019,"do_mgl",9.78746639784946,0.298044296169365,10.0855106940188,9.4894221016801,"NAR"
"831",12,2019,"do_pct",95.4985551075269,0.75022670558107,96.248781813108,94.7483284019458,"NAR"
"832",12,2019,"sal",29.4284946236559,0.966285603037114,30.394780226693,28.4622090206188,"NAR"
"833",12,2019,"temp",6.0433694464138,1.02601412305787,7.06938356947167,5.01735532335594,"NAR"
"834",12,2019,"turb",0.176470588235294,0.727606875108999,0.904077463344293,-0.551136286873705,"NAR"
"835",12,2020,"do_mgl",9.3880376344086,0.42649967494273,9.81453730935133,8.96153795946587,"NAR"
"836",12,2020,"do_pct",95.4326612903226,1.54962528018806,96.9822865705106,93.8830360101345,"NAR"
"837",12,2020,"sal",29.2693548387097,0.716816934252,29.9861717729617,28.5525379044577,"NAR"
"838",12,2020,"temp",7.87940188172043,1.54521206232035,9.42461394404079,6.33418981940008,"NAR"
"839",12,2020,"turb",0.454311454311454,1.03482526755817,1.48913672186963,-0.58051381324672,"NAR"
"840",1,NA,"do_mgl",10.7094136173194,0.841444382083464,11.5508579994029,9.86796923523594,"GreatBay"
"841",1,NA,"do_pct",99.6585623594166,6.44342723324405,106.101989592661,93.2151351261726,"GreatBay"
"842",1,NA,"sal",29.6488454052344,1.05138449405299,30.7002298992874,28.5974609111814,"GreatBay"
"843",1,NA,"temp",3.99776072154561,1.63090708711405,5.62866780865966,2.36685363443156,"GreatBay"
"844",1,NA,"turb",0.648810706019397,1.44559412054352,2.09440482656291,-0.796783414524119,"GreatBay"
"845",2,NA,"do_mgl",11.3403686983376,0.76826932948756,12.1086380278252,10.57209936885,"GreatBay"
"846",2,NA,"do_pct",103.089621446996,5.75965623164203,108.849277678638,97.3299652153539,"GreatBay"
"847",2,NA,"sal",29.6340998953726,1.20664883765589,30.8407487330285,28.4274510577167,"GreatBay"
"848",2,NA,"temp",3.11291352460323,1.32665535834486,4.43956888294809,1.78625816625837,"GreatBay"
"849",2,NA,"turb",1.09702807570137,1.65378967687023,2.7508177525716,-0.556761601168861,"GreatBay"
"850",3,NA,"do_mgl",11.0529642702966,0.922501173767794,11.9754654440644,10.1304630965288,"GreatBay"
"851",3,NA,"do_pct",102.772194625971,6.23921409515758,109.011408721128,96.5329805308133,"GreatBay"
"852",3,NA,"sal",28.9509455954827,1.51013720673617,30.4610828022189,27.4408083887466,"GreatBay"
"853",3,NA,"temp",4.39463743375161,1.66122196624318,6.0558593999948,2.73341546750843,"GreatBay"
"854",3,NA,"turb",0.630199969587156,1.49075585231001,2.12095582189717,-0.860555882722857,"GreatBay"
"855",4,NA,"do_mgl",10.0639963136143,0.944830294462698,11.0088266080769,9.11916601915155,"GreatBay"
"856",4,NA,"do_pct",102.168493156948,8.62400487963761,110.792498036586,93.5444882773104,"GreatBay"
"857",4,NA,"sal",28.4015177490862,2.32238136974068,30.7238991188269,26.0791363793456,"GreatBay"
"858",4,NA,"temp",8.01217559294884,1.99500068033376,10.0071762732826,6.01717491261508,"GreatBay"
"859",4,NA,"turb",0.516142816945891,1.36937020105874,1.88551301800463,-0.85322738411285,"GreatBay"
"860",5,NA,"do_mgl",8.5154446467231,0.815363039513328,9.33080768623642,7.70008160720977,"GreatBay"
"861",5,NA,"do_pct",96.5068199691973,8.09456315575097,104.601383124948,88.4122568134463,"GreatBay"
"862",5,NA,"sal",29.1267769058331,1.2101741257351,30.3369510315682,27.916602780098,"GreatBay"
"863",5,NA,"temp",12.9145162597486,1.92656440753758,14.8410806672862,10.9879518522111,"GreatBay"
"864",5,NA,"turb",0.245073508176986,1.09587555315916,1.34094906133615,-0.850802044982179,"GreatBay"
"865",6,NA,"do_mgl",7.23108770358372,0.685530340456423,7.91661804404014,6.54555736312729,"GreatBay"
"866",6,NA,"do_pct",90.9850277662467,8.49127848390111,99.4763062501478,82.4937492823455,"GreatBay"
"867",6,NA,"sal",29.7575552791856,0.9844899516498,30.7420452308354,28.7730653275358,"GreatBay"
"868",6,NA,"temp",17.9997312138569,1.69931096243237,19.6990421762892,16.3004202514245,"GreatBay"
"869",6,NA,"turb",0.723170278801392,2.0822803556545,2.80545063445589,-1.35911007685311,"GreatBay"
"870",7,NA,"do_mgl",6.71722094282028,0.707155222827692,7.42437616564797,6.01006571999259,"GreatBay"
"871",7,NA,"do_pct",91.2774591296246,9.57390681813346,100.851365947758,81.7035523114911,"GreatBay"
"872",7,NA,"sal",29.918662725962,0.804142763862443,30.7228054898245,29.1145199620996,"GreatBay"
"873",7,NA,"temp",22.0457628786374,1.22334982814492,23.2691127067823,20.8224130504925,"GreatBay"
"874",7,NA,"turb",0.823199248960845,1.59897231647072,2.42217156543156,-0.775773067509874,"GreatBay"
"875",8,NA,"do_mgl",6.68591929248955,0.648976634097737,7.33489592658729,6.03694265839181,"GreatBay"
"876",8,NA,"do_pct",91.9783722716908,9.46047180915486,101.438844080846,82.5179004625359,"GreatBay"
"877",8,NA,"sal",30.3167215595664,0.783956767564718,31.1006783271311,29.5327647920017,"GreatBay"
"878",8,NA,"temp",22.460781239353,1.10552728197305,23.566308521326,21.3552539573799,"GreatBay"
"879",8,NA,"turb",0.443483730650426,1.4195623755365,1.86304610618693,-0.976078644886078,"GreatBay"
"880",9,NA,"do_mgl",6.69608501979766,0.60602276960858,7.30210778940624,6.09006225018908,"GreatBay"
"881",9,NA,"do_pct",88.8025542111025,8.05791916437335,96.8604733754759,80.7446350467291,"GreatBay"
"882",9,NA,"sal",30.9439388882026,0.711330951960797,31.6552698401634,30.2326079362418,"GreatBay"
"883",9,NA,"temp",20.3623421063924,1.26703054996355,21.6293726563559,19.0953115564288,"GreatBay"
"884",9,NA,"turb",0.626477301003829,1.38181491029912,2.00829221130295,-0.755337609295293,"GreatBay"
"885",10,NA,"do_mgl",7.44783906549071,0.597791144664293,8.045630210155,6.85004792082641,"GreatBay"
"886",10,NA,"do_pct",92.1458177884552,6.09499567696234,98.2408134654175,86.0508221114928,"GreatBay"
"887",10,NA,"sal",31.0263766648196,1.00088035422107,32.0272570190406,30.0254963105985,"GreatBay"
"888",10,NA,"temp",16.7570885404878,1.73982488022763,18.4969134207155,15.0172636602602,"GreatBay"
"889",10,NA,"turb",0.509307562866467,1.27409150093574,1.78339906380221,-0.764783938069278,"GreatBay"
"890",11,NA,"do_mgl",8.46269748456229,0.509831997845129,8.97252948240742,7.95286548671716,"GreatBay"
"891",11,NA,"do_pct",93.7133204779659,3.41506192764948,97.1283824056154,90.2982585503164,"GreatBay"
"892",11,NA,"sal",30.4976567726452,1.22625670639242,31.7239134790376,29.2714000662528,"GreatBay"
"893",11,NA,"temp",11.387206102463,1.90273957228418,13.2899456747472,9.48446653017884,"GreatBay"
"894",11,NA,"turb",0.426559582814986,1.25084155456561,1.67740113738059,-0.824281971750623,"GreatBay"
"895",12,NA,"do_mgl",9.74902226817226,0.952635635856889,10.7016579040291,8.79638663231537,"GreatBay"
"896",12,NA,"do_pct",96.8694412871686,6.06716348564192,102.93660477281,90.8022778015266,"GreatBay"
"897",12,NA,"sal",29.8582381715579,1.21122792922111,31.0694661007791,28.6470102423368,"GreatBay"
"898",12,NA,"temp",6.84704953036711,1.89955292253523,8.74660245290234,4.94749660783188,"GreatBay"
"899",12,NA,"turb",0.331489470909375,1.03728269211016,1.36877216301953,-0.705793221200784,"GreatBay"
